Side effect,,Percentage,Specific drug
Weight gain,108,54%,olanzapine
Lethargy,17,9%,olanzapine
Sedation,16,8%,olanzapine
Fatigue,13,7%,olanzapine
Drowsiness,9,5%,olanzapine
Sleepiness,9,5%,olanzapine
Constant hunger,7,4%,olanzapine
Dry mouth,7,4%,olanzapine
Dizziness,6,3%,olanzapine
Increased appetite,6,3%,olanzapine
Elevated blood sugar (hyperglycemia),4,2%,olanzapine
Excessive daytime sleepiness (somnolence),4,2%,olanzapine
High cholesterol (hypercholesterolemia),4,2%,olanzapine
Restlessness (akathisia),4,2%,olanzapine
Tremor in hands,4,2%,olanzapine
Visual hallucinations,4,2%,olanzapine
Decreased sex drive (libido),3,2%,olanzapine
Diabetes type 2,3,2%,olanzapine
Extreme sedation,3,2%,olanzapine
Hunger,3,2%,olanzapine
Problems concentrating,3,2%,olanzapine
Tiredness,3,2%,olanzapine
Abdominal bloating,2,1%,olanzapine
Balance problems,2,1%,olanzapine
Daytime sedation,2,1%,olanzapine
Daytime tiredness,2,1%,olanzapine
Depressed mood,2,1%,olanzapine
Excessive sleeping (hypersomnia),2,1%,olanzapine
Headaches,2,1%,olanzapine
Increased anxiety,2,1%,olanzapine
Increased need for sleep,2,1%,olanzapine
Lack of motivation,2,1%,olanzapine
Loss of energy,2,1%,olanzapine
Mania,2,1%,olanzapine
Nightmares,2,1%,olanzapine
Obesity,2,1%,olanzapine
Racing thoughts,2,1%,olanzapine
Restless feeling in legs,2,1%,olanzapine
Tremor(s),2,1%,olanzapine
Worsening depression,2,1%,olanzapine
Anger,1,1%,olanzapine
Anxious mood,1,1%,olanzapine
Ataxia (lack of coordination),1,1%,olanzapine
Binge eating episodes,1,1%,olanzapine
Bizarre dreams,1,1%,olanzapine
Blood in mucus (nose and throat),1,1%,olanzapine
Blurry vision,1,1%,olanzapine
Body dysmorphic disorder,,,olanzapine
Cognitive impairment,1,50%,Zuclopenthixol
Difficulty reading,1,50%,Zuclopenthixol
Difficulty writing (dysgraphia),1,50%,Zuclopenthixol
Memory problems,1,50%,Zuclopenthixol
Slowed thinking,1,50%,Zuclopenthixol
Weight gain,1,50%,Zuclopenthixol
Metallic taste in mouth,9,12%,Zopiclone
Bad taste in mouth,7,10%,Zopiclone
Memory problems,6,8%,Zopiclone
Drowsiness,5,7%,Zopiclone
Dry mouth,5,7%,Zopiclone
Bitter taste,3,4%,Zopiclone
Drowsy in morning,3,4%,Zopiclone
Grogginess in morning,3,4%,Zopiclone
Unrefreshing or poor sleep,3,4%,Zopiclone
Grogginess,2,3%,Zopiclone
Morning sleepiness,2,3%,Zopiclone
Visual hallucinations,2,3%,Zopiclone
Vivid dreams,2,3%,Zopiclone
Anxious mood,1,1%,Zopiclone
Auditory hallucinations,1,1%,Zopiclone
Binge eating episodes,1,1%,Zopiclone
Brain fog,1,1%,Zopiclone
Breathing difficulty,1,1%,Zopiclone
Cognitive impairment,1,1%,Zopiclone
Constipation,1,1%,Zopiclone
Dehydration,1,1%,Zopiclone
Difficulty standing,1,1%,Zopiclone
Difficulty staying asleep,1,1%,Zopiclone
Difficulty thinking,1,1%,Zopiclone
Difficulty waking up,1,1%,Zopiclone
Disturbing dreams,1,1%,Zopiclone
Dizziness,1,1%,Zopiclone
Dizzy spells,1,1%,Zopiclone
Dry mouth at night,1,1%,Zopiclone
Excessive daytime sleepiness (somnolence),1,1%,Zopiclone
Excessive dry mouth,1,1%,Zopiclone
Fatigue,1,1%,Zopiclone
Forgetfulness,1,1%,Zopiclone
Hallucinations,1,1%,Zopiclone
Headaches,1,1%,Zopiclone
Increased need for sleep,1,1%,Zopiclone
Insomnia,1,1%,Zopiclone
Lack of morning alertness,1,1%,Zopiclone
Lightheadedness,1,1%,Zopiclone
Loss of balance,1,1%,Zopiclone
Morning dizziness,1,1%,Zopiclone
Nausea,1,1%,Zopiclone
Nightmares,1,1%,Zopiclone
Oversleeping (too much sleep),1,1%,Zopiclone
Restless feeling in legs,1,1%,Zopiclone
Sleep eating,1,1%,Zopiclone
Sleepiness,1,1%,Zopiclone
Sleep walking (somnambulism),1,1%,Zopiclone
Slow to wake in morning,1,1%,Zopiclone
Strange sensation on tongue tip,1,1%,Zopiclone
Grogginess,49,11%,zolpidem
Sleep eating,44,10%,zolpidem
Grogginess in morning,42,10%,zolpidem
Sleep walking (somnambulism),37,8%,zolpidem
Drowsy in morning,32,7%,zolpidem
Memory loss,28,6%,zolpidem
Sleep walking,24,6%,zolpidem
Excessive daytime sleepiness (somnolence),18,4%,zolpidem
Memory problems,16,4%,zolpidem
Drowsiness,15,3%,zolpidem
Dizziness,11,3%,zolpidem
Hallucinations,11,3%,zolpidem
Increased appetite,11,3%,zolpidem
Morning sleepiness,11,3%,zolpidem
Sleepiness,11,3%,zolpidem
Vivid dreams,11,3%,zolpidem
Headaches,10,2%,zolpidem
Fatigue,9,2%,zolpidem
Irrational behavior,9,2%,zolpidem
Brain fog,8,2%,zolpidem
Dry mouth,6,1%,zolpidem
Loss of rem sleep,6,1%,zolpidem
Unrefreshing or poor sleep,6,1%,zolpidem
Visual hallucinations,6,1%,zolpidem
Difficulty staying asleep,5,1%,zolpidem
Blackouts,4,1%,zolpidem
Depressed mood,4,1%,zolpidem
Euphoria,4,1%,zolpidem
Forgetfulness,4,1%,zolpidem
Insomnia,4,1%,zolpidem
Tiredness,4,1%,zolpidem
Balance problems,3,1%,zolpidem
Binge eating episodes,3,1%,zolpidem
Diarrhea,3,1%,zolpidem
Difficulty waking up,3,1%,zolpidem
Drugged feeling,3,1%,zolpidem
Early morning wakefulness,3,1%,zolpidem
Memory lapses (brain blinks),3,1%,zolpidem
Migraine headaches,3,1%,zolpidem
Short term memory problems,3,1%,zolpidem
Sleep driving,3,1%,zolpidem
Sluggishness,3,1%,zolpidem
Suicidal thoughts or urges,3,1%,zolpidem
Suicide attempt,3,1%,zolpidem
Vivid nightmares,3,1%,zolpidem
Auditory hallucinations,2,0%,zolpidem
Clumsiness,2,0%,zolpidem
Crying,2,0%,zolpidem
Dangerous behavior,2,0%,zolpidem
Disinhibition,2,0%,zolpidem
Dreams,2,0%,zolpidem
Weight gain,75,27%,mirtazapine
Increased appetite,34,12%,mirtazapine
Drowsiness,28,10%,mirtazapine
Sleepiness,23,8%,mirtazapine
Fatigue,15,5%,mirtazapine
Difficulty waking up,13,5%,mirtazapine
Dizziness,12,4%,mirtazapine
Excessive daytime sleepiness (somnolence),12,4%,mirtazapine
Restless feeling in legs,12,4%,mirtazapine
Dry mouth,10,4%,mirtazapine
Grogginess,9,3%,mirtazapine
Irritability,8,3%,mirtazapine
Vivid dreams,8,3%,mirtazapine
Depressed mood,6,2%,mirtazapine
Headaches,6,2%,mirtazapine
Anxious mood,5,2%,mirtazapine
Drowsy in morning,5,2%,mirtazapine
Excessive sleeping (hypersomnia),5,2%,mirtazapine
Insomnia,4,1%,mirtazapine
Muscle spasms,4,1%,mirtazapine
Nightmares,4,1%,mirtazapine
Cognitive confusion,3,1%,mirtazapine
Confusion,3,1%,mirtazapine
Constipation,3,1%,mirtazapine
Crying spells,3,1%,mirtazapine
Decreased sex drive (libido),3,1%,mirtazapine
Grogginess in morning,3,1%,mirtazapine
Heavy sensation,3,1%,mirtazapine
Hunger,3,1%,mirtazapine
Oversleeping (too much sleep),3,1%,mirtazapine
Suicidal thoughts or urges,3,1%,mirtazapine
Abdominal bloating,2,1%,mirtazapine
Aggressive behavior,2,1%,mirtazapine
Agitation,2,1%,mirtazapine
Agitation with restlessness,2,1%,mirtazapine
Anger,2,1%,mirtazapine
Apathy,2,1%,mirtazapine
Binge eating episodes,2,1%,mirtazapine
Brain fog,2,1%,mirtazapine
Brain shocks,2,1%,mirtazapine
Breast tenderness,2,1%,mirtazapine
Constant hunger,2,1%,mirtazapine
Constant tiredness,2,1%,mirtazapine
Craving carbs,2,1%,mirtazapine
Daytime sedation,2,1%,mirtazapine
Difficulty staying asleep,2,1%,mirtazapine
Exhaustion,2,1%,mirtazapine
Heart palpitations,2,1%,mirtazapine
Hiccups (hiccoughs),2,1%,mirtazapine
Hunger at night,2,1%,mirtazapine
Insomnia,2,1%,mirtazapine
Weight gain,4,57%,Clozapine
Dizziness,1,14%,Clozapine
Drooling,1,14%,Clozapine
Drowsiness,1,14%,Clozapine
Increased appetite,1,14%,Clozapine
Overeating,1,14%,Clozapine
Sedation,1,14%,Clozapine
Sleepiness,1,14%,Clozapine
Weight gain,252,31%,Quetiapine
Drowsiness,87,11%,Quetiapine
Sleepiness,59,7%,Quetiapine
Fatigue,49,6%,Quetiapine
Excessive daytime sleepiness (somnolence),42,5%,Quetiapine
Dry mouth,30,4%,Quetiapine
Loss of energy,29,4%,Quetiapine
Problems concentrating,27,3%,Quetiapine
Tiredness,25,3%,Quetiapine
Dizziness,24,3%,Quetiapine
Drowsy in morning,21,3%,Quetiapine
Increased appetite,21,3%,Quetiapine
Brain fog,15,2%,Quetiapine
Constipation,15,2%,Quetiapine
Nausea,15,2%,Quetiapine
Sedation,15,2%,Quetiapine
Restless feeling in legs,14,2%,Quetiapine
Difficulty waking up,13,2%,Quetiapine
Headaches,11,1%,Quetiapine
Grogginess,10,1%,Quetiapine
Muscle twitching (fasciculations),10,1%,Quetiapine
Excessive sleeping (hypersomnia),9,1%,Quetiapine
Grogginess in morning,9,1%,Quetiapine
Hunger,9,1%,Quetiapine
Irritability,9,1%,Quetiapine
Lethargy,9,1%,Quetiapine
Memory problems,9,1%,Quetiapine
Muscle twitching (fasciculations) in face,9,1%,Quetiapine
Vivid dreams,9,1%,Quetiapine
Depressed mood,8,1%,Quetiapine
Insomnia,8,1%,Quetiapine
Heart palpitations,7,1%,Quetiapine
Itching,7,1%,Quetiapine
Oversleeping (too much sleep),7,1%,Quetiapine
Restless legs syndrome,7,1%,Quetiapine
Tremor in hands,7,1%,Quetiapine
Exhaustion,6,1%,Quetiapine
Hallucinations,6,1%,Quetiapine
Nasal congestion,6,1%,Quetiapine
Nightmares,6,1%,Quetiapine
Shakiness,6,1%,Quetiapine
Slowed thinking,6,1%,Quetiapine
Sweet cravings,6,1%,Quetiapine
Tachycardia (fast heart rate),6,1%,Quetiapine
Anxious mood,5,1%,Quetiapine
Apathy,5,1%,Quetiapine
Cognitive confusion,5,1%,Quetiapine
Confusion,5,1%,Quetiapine
Daytime tiredness,5,1%,Quetiapine
Elevated blood sugar (hyperglycemia),5,1%,Quetiapine
Extreme sedation,5,1%,Quetiapine
Weight gain,108,54%,olanzapine
Lethargy,17,9%,olanzapine
Sedation,16,8%,olanzapine
Fatigue,13,7%,olanzapine
Drowsiness,9,5%,olanzapine
Sleepiness,9,5%,olanzapine
Constant hunger,7,4%,olanzapine
Dry mouth,7,4%,olanzapine
Dizziness,6,3%,olanzapine
Increased appetite,6,3%,olanzapine
Elevated blood sugar (hyperglycemia),4,2%,olanzapine
Excessive daytime sleepiness (somnolence),4,2%,olanzapine
High cholesterol (hypercholesterolemia),4,2%,olanzapine
Restlessness (akathisia),4,2%,olanzapine
Tremor in hands,4,2%,olanzapine
Visual hallucinations,4,2%,olanzapine
Decreased sex drive (libido),3,2%,olanzapine
Diabetes type 2,3,2%,olanzapine
Extreme sedation,3,2%,olanzapine
Hunger,3,2%,olanzapine
Problems concentrating,3,2%,olanzapine
Tiredness,3,2%,olanzapine
Abdominal bloating,2,1%,olanzapine
Balance problems,2,1%,olanzapine
Daytime sedation,2,1%,olanzapine
Daytime tiredness,2,1%,olanzapine
Depressed mood,2,1%,olanzapine
Excessive sleeping (hypersomnia),2,1%,olanzapine
Headaches,2,1%,olanzapine
Increased anxiety,2,1%,olanzapine
Increased need for sleep,2,1%,olanzapine
Lack of motivation,2,1%,olanzapine
Loss of energy,2,1%,olanzapine
Mania,2,1%,olanzapine
Nightmares,2,1%,olanzapine
Obesity,2,1%,olanzapine
Racing thoughts,2,1%,olanzapine
Restless feeling in legs,2,1%,olanzapine
Tremor(s),2,1%,olanzapine
Worsening depression,2,1%,olanzapine
Anger,1,1%,olanzapine
Anxious mood,1,1%,olanzapine
Ataxia (lack of coordination),1,1%,olanzapine
Binge eating episodes,1,1%,olanzapine
Bizarre dreams,1,1%,olanzapine
Blood in mucus (nose and throat),1,1%,olanzapine
Blurry vision,1,1%,olanzapine
Body dysmorphic disorder,1,1%,olanzapine
Brain fog,1,1%,olanzapine
Breast enlargement,1,1%,olanzapine
Chronic constipation,1,1%,olanzapine
Weight gain,18,38%,paliperidone
Lactation,4,8%,paliperidone
Restlessness (akathisia),4,8%,paliperidone
Drowsiness,3,6%,paliperidone
Sexual dysfunction,3,6%,paliperidone
Sleepiness,3,6%,paliperidone
Decreased sex drive (libido),2,4%,paliperidone
Hyperprolactinemia,2,4%,paliperidone
Increased anxiety,2,4%,paliperidone
Insomnia,2,4%,paliperidone
Lack of motivation,2,4%,paliperidone
Mood swings,2,4%,paliperidone
Prolactin increased,2,4%,paliperidone
Anger,1,2%,paliperidone
Ataxia (lack of coordination),1,2%,paliperidone
Auditory hallucinations,1,2%,paliperidone
Bipolar rapid cycling,1,2%,paliperidone
Brain fog,1,2%,paliperidone
Breast discharge,1,2%,paliperidone
Breast enlargement,1,2%,paliperidone
Cellulitis,1,2%,paliperidone
Cognitive confusion,1,2%,paliperidone
Delusions,1,2%,paliperidone
Drooling,1,2%,paliperidone
Drooping eyelid (ptosis),1,2%,paliperidone
Dry mouth,1,2%,paliperidone
Elevated blood sugar (hyperglycemia),1,2%,paliperidone
Excessive daytime sleepiness (somnolence),1,2%,paliperidone
Fatigue,1,2%,paliperidone
Homicidal thoughts,1,2%,paliperidone
Increased appetite,1,2%,paliperidone
Injection site itching,1,2%,paliperidone
Injection site pain,1,2%,paliperidone
Irregular heartbeat (cardiac arrhythmia),1,2%,paliperidone
Irregular menstrual periods,1,2%,paliperidone
Jerky movements when resting,1,2%,paliperidone
Joint stiffness,1,2%,paliperidone
Lethargy,1,2%,paliperidone
Loss of life appeal,1,2%,paliperidone
Low testosterone,1,2%,paliperidone
Mania,1,2%,paliperidone
Migraine headaches,1,2%,paliperidone
Muscle aches,1,2%,paliperidone
Muscle soreness,1,2%,paliperidone
Need to eat to help with nausea,1,2%,paliperidone
Numbness and tingling with pins and needles,1,2%,paliperidone
Numbness in feet,1,2%,paliperidone
Oculogyric crisis,1,2%,paliperidone
Overeating,1,2%,paliperidone
Panic attacks,1,2%,paliperidone
Paroxysmal dyskinesia,1,2%,paliperidone
Sleepiness,108,22%,alprazolam
Drowsiness,104,21%,alprazolam
Sedation,52,11%,alprazolam
Fatigue,38,8%,alprazolam
Problems concentrating,35,7%,alprazolam
Memory problems,33,7%,alprazolam
Excessive daytime sleepiness (somnolence),31,6%,alprazolam
Tiredness,22,4%,alprazolam
Dizziness,10,2%,alprazolam
Balance problems,8,2%,alprazolam
Dry mouth,8,2%,alprazolam
Anxious mood,7,1%,alprazolam
Brain fog,7,1%,alprazolam
Headaches,7,1%,alprazolam
Lethargy,7,1%,alprazolam
Constipation,6,1%,alprazolam
Difficulty waking up,5,1%,alprazolam
Depressed mood,4,1%,alprazolam
Grogginess,4,1%,alprazolam
Nausea,4,1%,alprazolam
Short term memory problems,4,1%,alprazolam
Slurred speech,4,1%,alprazolam
Vertigo,4,1%,alprazolam
Bad taste in mouth,3,1%,alprazolam
Cognitive impairment,3,1%,alprazolam
Constant tiredness,3,1%,alprazolam
Drowsy in morning,3,1%,alprazolam
Irritability,3,1%,alprazolam
Loss of balance,3,1%,alprazolam
Mood swings,3,1%,alprazolam
Seizures,3,1%,alprazolam
Slowed thinking,3,1%,alprazolam
Sluggishness,3,1%,alprazolam
Tired when first up in morning,3,1%,alprazolam
Weight gain,3,1%,alprazolam
Withdrawal headaches,3,1%,alprazolam
Agitation,2,0%,alprazolam
Apathy,2,0%,alprazolam
Blurry vision,2,0%,alprazolam
Chronic fatigue,2,0%,alprazolam
Cognitive confusion,2,0%,alprazolam
Confusion,2,0%,alprazolam
Difficulty staying asleep,2,0%,alprazolam
Disinhibition,2,0%,alprazolam
Disorientation,2,0%,alprazolam
Drug tolerance,2,0%,alprazolam
Drug use disorder,2,0%,alprazolam
Early morning wakefulness,2,0%,alprazolam
Forgetfulness,2,0%,alprazolam
Fuzzy head,2,0%,alprazolam
Headaches in morning,2,0%,alprazolam
Bad taste in mouth,2,67%,chloral
Dizziness,1,33%,chloral
Drowsiness,1,33%,chloral
Lightheadedness,1,33%,chloral
Nausea,1,33%,chloral
Shallow breathing,1,33%,chloral
Nausea,24,33%,vortioxetine
Headaches,6,8%,vortioxetine
Anxious mood,5,7%,vortioxetine
Decreased sex drive (libido),5,7%,vortioxetine
Diarrhea,5,7%,vortioxetine
Itching,4,5%,vortioxetine
Itchy skin,4,5%,vortioxetine
Brain fog,3,4%,vortioxetine
Vomiting,3,4%,vortioxetine
Constipation,2,3%,vortioxetine
Decreased appetite,2,3%,vortioxetine
Drowsiness,2,3%,vortioxetine
Dry mouth,2,3%,vortioxetine
Headaches in morning,2,3%,vortioxetine
Irritability,2,3%,vortioxetine
Nausea if taken on empty stomach,2,3%,vortioxetine
Restless feeling in legs,2,3%,vortioxetine
Sleepiness,2,3%,vortioxetine
Anticipatory anxiety,1,1%,vortioxetine
Antidepressant withdrawal syndrome,1,1%,vortioxetine
Bad dreams,1,1%,vortioxetine
Bowel irritability,1,1%,vortioxetine
Burning sensation in lips,1,1%,vortioxetine
Chills,1,1%,vortioxetine
Compulsive shopping or spending,1,1%,vortioxetine
Depressed mood,1,1%,vortioxetine
Dry cough,1,1%,vortioxetine
Dysphoria,1,1%,vortioxetine
Excessive anger,1,1%,vortioxetine
Excessive sleeping (hypersomnia),1,1%,vortioxetine
Excessive sweating,1,1%,vortioxetine
Excessive yawning,1,1%,vortioxetine
Eye pain,1,1%,vortioxetine
Fatigue,1,1%,vortioxetine
Feeling annoyed,1,1%,vortioxetine
Generalized weakness (asthenia),1,1%,vortioxetine
Heartburn,1,1%,vortioxetine
Inability to experience pleasure (anhedonia),1,1%,vortioxetine
Inappropriate sinus tachycardia,1,1%,vortioxetine
Increased anxiety,1,1%,vortioxetine
Increased appetite,1,1%,vortioxetine
Increased sex drive (libido),1,1%,vortioxetine
Insomnia,1,1%,vortioxetine
Insomnia,1,1%,vortioxetine
Intestinal cramps,1,1%,vortioxetine
Lack of motivation,1,1%,vortioxetine
Lightheadedness,1,1%,vortioxetine
Mania,1,1%,vortioxetine
Mental confusion,1,1%,vortioxetine
Morning nausea,1,1%,vortioxetine
Weight gain,131,13%,venlafaxine
Dry mouth,89,9%,venlafaxine
Decreased sex drive (libido),82,8%,venlafaxine
Nausea,79,8%,venlafaxine
Brain shocks,62,6%,venlafaxine
Drowsiness,49,5%,venlafaxine
Excessive sweating,43,4%,venlafaxine
Headaches,43,4%,venlafaxine
Sexual dysfunction,40,4%,venlafaxine
Dizziness,39,4%,venlafaxine
Withdrawal effects,38,4%,venlafaxine
Fatigue,37,4%,venlafaxine
Suicidal thoughts or urges,32,3%,venlafaxine
Agitation with restlessness,30,3%,venlafaxine
Insomnia,29,3%,venlafaxine
Constipation,28,3%,venlafaxine
Depressed mood,27,3%,venlafaxine
Jittery feeling,27,3%,venlafaxine
Elevated blood pressure,25,2%,venlafaxine
Decreased appetite,23,2%,venlafaxine
Anxious mood,22,2%,venlafaxine
Sleepiness,22,2%,venlafaxine
Excessive daytime sleepiness (somnolence),21,2%,venlafaxine
Tiredness,21,2%,venlafaxine
Night sweats,19,2%,venlafaxine
Panic attacks,19,2%,venlafaxine
Vivid dreams,19,2%,venlafaxine
Sweating,18,2%,venlafaxine
Tremor in hands,16,2%,venlafaxine
Feeling hot/overheating,14,1%,venlafaxine
Migraine headaches,14,1%,venlafaxine
Increased anxiety,13,1%,venlafaxine
Excessive yawning,12,1%,venlafaxine
Heart palpitations,12,1%,venlafaxine
Insomnia,12,1%,venlafaxine
Shakiness,12,1%,venlafaxine
Blurry vision,11,1%,venlafaxine
Difficulty with orgasm,11,1%,venlafaxine
Problems concentrating,11,1%,venlafaxine
Lightheadedness,10,1%,venlafaxine
Tachycardia (fast heart rate),10,1%,venlafaxine
Tremor(s),10,1%,venlafaxine
Vertigo,10,1%,venlafaxine
Mania,9,1%,venlafaxine
Mood swings,9,1%,venlafaxine
Teeth chattering,9,1%,venlafaxine
Brain fog,8,1%,venlafaxine
Diarrhea,8,1%,venlafaxine
Nervousness,8,1%,venlafaxine
Restlessness (akathisia),8,1%,venlafaxine
Sweating increased,8,1%,venlafaxine
Weight gain,28,35%,valproate
Drowsiness,9,11%,valproate
Hair loss,9,11%,valproate
Fatigue,7,9%,valproate
Nausea,6,8%,valproate
Problems concentrating,6,8%,valproate
Sleepiness,6,8%,valproate
Tiredness,6,8%,valproate
Tremor in hands,6,8%,valproate
Anxious mood,3,4%,valproate
Increased appetite,3,4%,valproate
Slowed thinking,3,4%,valproate
Acid reflux,2,3%,valproate
Balance problems,2,3%,valproate
Brain fog,2,3%,valproate
Headaches,2,3%,valproate
Lethargy,2,3%,valproate
Major depressive disorder,2,3%,valproate
Mood swings,2,3%,valproate
Short term memory problems,2,3%,valproate
Slow movement (bradykinesia),2,3%,valproate
Vision problems,2,3%,valproate
Abdominal bloating,1,1%,valproate
Acne,1,1%,valproate
Acne breakout,1,1%,valproate
Attention deficit/hyperactivity disorder,1,1%,valproate
Bladder problems,1,1%,valproate
Brain shocks,1,1%,valproate
Breast enlargement,1,1%,valproate
Breathlessness,1,1%,valproate
Cold sweat,1,1%,valproate
Constant tiredness,1,1%,valproate
Daytime sedation,1,1%,valproate
Dazed,1,1%,valproate
Decreased sex drive (libido),1,1%,valproate
Dehydration,1,1%,valproate
Depressed mood,1,1%,valproate
Developmental delay,1,1%,valproate
Diabetes type 2,1,1%,valproate
Diarrhea,1,1%,valproate
Difficulty eating,1,1%,valproate
Dry eyes,1,1%,valproate
Dry mouth,1,1%,valproate
Excessive anger,1,1%,valproate
Forgetfulness,1,1%,valproate
Fuzzy in the morning,1,1%,valproate
Fuzzy thinking,1,1%,valproate
Hair thinning,1,1%,valproate
Head pain,1,1%,valproate
Head pressure,1,1%,valproate
Heartburn,1,1%,valproate
Anxious mood,2,25%,agomelatine
Constipation,1,13%,agomelatine
Difficulty thinking,1,13%,agomelatine
Difficulty with orgasm,1,13%,agomelatine
Dizziness,1,13%,agomelatine
Insomnia,1,13%,agomelatine
Mood swings,1,13%,agomelatine
Nausea,1,13%,agomelatine
Night sweats,1,13%,agomelatine
Panic attacks,1,13%,agomelatine
Restlessness (akathisia),1,13%,agomelatine
Suicidal thoughts or urges,1,13%,agomelatine
Weight gain,1,13%,agomelatine
Fatigue,1,50%,chlordiazepoxide
Forgetting words,1,,chlordiazepoxide
Dry mouth,2,40%,trimipramine
Fainting,1,20%,trimipramine
Headaches,1,20%,trimipramine
Tension headache,1,20%,trimipramine
Weight gain,1,20%,trimipramine
Dry mouth,2,50%,trifluoperazine
Insomnia,1,25%,trifluoperazine
Sedation,1,25%,trifluoperazine
Weight gain,18,38%,paliperidone
Lactation,4,8%,paliperidone
Restlessness (akathisia),4,8%,paliperidone
Drowsiness,3,6%,paliperidone
Sexual dysfunction,3,6%,paliperidone
Sleepiness,3,6%,paliperidone
Decreased sex drive (libido),2,4%,paliperidone
Hyperprolactinemia,2,4%,paliperidone
Increased anxiety,2,4%,paliperidone
Insomnia,2,4%,paliperidone
Lack of motivation,2,4%,paliperidone
Mood swings,2,4%,paliperidone
Prolactin increased,2,4%,paliperidone
Anger,1,2%,paliperidone
Ataxia (lack of coordination),1,2%,paliperidone
Auditory hallucinations,1,2%,paliperidone
Bipolar rapid cycling,1,2%,paliperidone
Brain fog,1,2%,paliperidone
Breast discharge,1,2%,paliperidone
Breast enlargement,1,2%,paliperidone
Cellulitis,1,2%,paliperidone
Cognitive confusion,1,2%,paliperidone
Delusions,1,2%,paliperidone
Drooling,1,2%,paliperidone
Drooping eyelid (ptosis),1,2%,paliperidone
Dry mouth,1,2%,paliperidone
Elevated blood sugar (hyperglycemia),1,2%,paliperidone
Excessive daytime sleepiness (somnolence),1,2%,paliperidone
Fatigue,1,2%,paliperidone
Homicidal thoughts,1,2%,paliperidone
Increased appetite,1,2%,paliperidone
Injection site itching,1,2%,paliperidone
Injection site pain,1,2%,paliperidone
Irregular heartbeat (cardiac arrhythmia),1,2%,paliperidone
Irregular menstrual periods,1,2%,paliperidone
Jerky movements when resting,1,2%,paliperidone
Joint stiffness,1,2%,paliperidone
Lethargy,1,2%,paliperidone
Loss of life appeal,1,2%,paliperidone
Low testosterone,1,2%,paliperidone
Mania,1,2%,paliperidone
Migraine headaches,1,2%,paliperidone
Muscle aches,1,2%,paliperidone
Muscle soreness,1,2%,paliperidone
Need to eat to help with nausea,1,2%,paliperidone
Numbness and tingling with pins and needles,1,2%,paliperidone
Numbness in feet,1,2%,paliperidone
Oculogyric crisis,1,2%,paliperidone
Overeating,1,2%,paliperidone
Panic attacks,1,2%,paliperidone
Paroxysmal dyskinesia,1,2%,paliperidone
Dry mouth,72,16%,trazodone
Drowsiness,60,13%,trazodone
Difficulty waking up,43,9%,trazodone
Grogginess in morning,31,7%,trazodone
Headaches,27,6%,trazodone
Excessive daytime sleepiness (somnolence),24,5%,trazodone
Dizziness,21,5%,trazodone
Grogginess,21,5%,trazodone
Nausea,18,4%,trazodone
Sleepiness,18,4%,trazodone
Fatigue,16,3%,trazodone
Memory lapses (brain blinks),15,3%,trazodone
Drowsy in morning,14,3%,trazodone
Blurry vision,13,3%,trazodone
Weight gain,12,3%,trazodone
Agitation with restlessness,10,2%,trazodone
Vivid dreams,10,2%,trazodone
Nasal congestion,9,2%,trazodone
Morning sleepiness,7,2%,trazodone
Nightmares,7,2%,trazodone
Brain fog,5,1%,trazodone
Constipation,5,1%,trazodone
Anxious mood,4,1%,trazodone
Daytime tiredness,4,1%,trazodone
Lethargic in the the morning,4,1%,trazodone
Restlessness (akathisia),4,1%,trazodone
Tiredness,4,1%,trazodone
Vertigo,4,1%,trazodone
Balance problems,3,1%,trazodone
Decreased sex drive (libido),3,1%,trazodone
Drugged feeling,3,1%,trazodone
Dry eyes,3,1%,trazodone
Feeling of heart pounding,3,1%,trazodone
Insomnia,3,1%,trazodone
Lethargy,3,1%,trazodone
Migraine headaches,3,1%,trazodone
Muscle and joint pain,3,1%,trazodone
Night or sleep terrors,3,1%,trazodone
Restless feeling in legs,3,1%,trazodone
Restless legs syndrome,3,1%,trazodone
Shakiness,3,1%,trazodone
Sinus congestion,3,1%,trazodone
Swallowing difficulty (dysphagia),3,1%,trazodone
Weakness in leg(s),3,1%,trazodone
Confusion,2,0%,trazodone
Constant tiredness,2,0%,trazodone
Decreased appetite,2,0%,trazodone
Diarrhea,2,0%,trazodone
Difficulty falling asleep,2,0%,trazodone
Insomnia,6,33%,tranylcypromine
Excessive daytime sleepiness (somnolence),4,22%,tranylcypromine
Insomnia,3,17%,tranylcypromine
Chills,2,11%,tranylcypromine
Decreased appetite,2,11%,tranylcypromine
Dizziness with hypotension upon standing,2,11%,tranylcypromine
Dry mouth,2,11%,tranylcypromine
Low blood pressure,2,11%,tranylcypromine
Sedation,2,11%,tranylcypromine
Buzzing electric sensation,1,6%,tranylcypromine
Chest tightness,1,6%,tranylcypromine
Constipation,1,6%,tranylcypromine
Decreased sex drive (libido),1,6%,tranylcypromine
Fatigue,1,6%,tranylcypromine
Feeling of heart pounding,1,6%,tranylcypromine
Migraine headaches,1,6%,tranylcypromine
Muscle fatigue,1,6%,tranylcypromine
Muscle weakness,1,6%,tranylcypromine
Orthostatic hypotension,1,6%,tranylcypromine
Partially obstructed airway,1,6%,tranylcypromine
Sexual dysfunction,1,6%,tranylcypromine
Sleepiness,1,6%,tranylcypromine
Throat tightness,1,6%,tranylcypromine
Tiredness,1,6%,tranylcypromine
Tremor in hands,1,6%,tranylcypromine
Tremor in legs,1,6%,tranylcypromine
Weight gain,1,6%,tranylcypromine
Sleepiness,53,22%,diazepam
Drowsiness,39,16%,diazepam
Tiredness,19,8%,diazepam
Fatigue,18,8%,diazepam
Brain fog,11,5%,diazepam
Dry mouth,10,4%,diazepam
Grogginess,10,4%,diazepam
Headaches,8,3%,diazepam
Dizziness,6,3%,diazepam
Excessive daytime sleepiness (somnolence),6,3%,diazepam
Balance problems,4,2%,diazepam
Panic attacks,4,2%,diazepam
Confusion,3,1%,diazepam
Lethargy,3,1%,diazepam
Memory problems,3,1%,diazepam
Sedation,3,1%,diazepam
Slurred speech,3,1%,diazepam
Weight gain,3,1%,diazepam
Dissociation,2,1%,diazepam
Drowsy in morning,2,1%,diazepam
Drug use disorder,2,1%,diazepam
Euphoria,2,1%,diazepam
Excessive yawning,2,1%,diazepam
Increased anxiety,2,1%,diazepam
Increased sleepiness,2,1%,diazepam
Insomnia,2,1%,diazepam
Loss of energy,2,1%,diazepam
Mood swings,2,1%,diazepam
Nausea,2,1%,diazepam
None,2,1%,diazepam
Problems concentrating,2,1%,diazepam
Sluggishness,2,1%,diazepam
Agitation,1,0%,diazepam
Agitation with irritability,1,0%,diazepam
Anger,1,0%,diazepam
Anxious mood,1,0%,diazepam
Apathy,1,0%,diazepam
Ataxia (lack of coordination),1,0%,diazepam
Back pain,1,0%,diazepam
Bitter taste,1,0%,diazepam
Breathing difficulty,1,0%,diazepam
Chest tightness,1,0%,diazepam
Clumsiness,1,0%,diazepam
Cognitive impairment,1,0%,diazepam
Constant tiredness,1,0%,diazepam
Crying,1,0%,diazepam
Decreased effectiveness over time,1,0%,diazepam
Depressed mood,1,0%,diazepam
Diarrhea,1,0%,diazepam
Difficulty thinking,1,0%,diazepam
Difficulty waking up,1,0%,diazepam
Weight gain,252,31%,quetiapine
Drowsiness,87,11%,quetiapine
Sleepiness,59,7%,quetiapine
Fatigue,49,6%,quetiapine
Excessive daytime sleepiness (somnolence),42,5%,quetiapine
Dry mouth,30,4%,quetiapine
Loss of energy,29,4%,quetiapine
Problems concentrating,27,3%,quetiapine
Tiredness,25,3%,quetiapine
Dizziness,24,3%,quetiapine
Drowsy in morning,21,3%,quetiapine
Increased appetite,21,3%,quetiapine
Brain fog,15,2%,quetiapine
Constipation,15,2%,quetiapine
Nausea,15,2%,quetiapine
Sedation,15,2%,quetiapine
Restless feeling in legs,14,2%,quetiapine
Difficulty waking up,13,2%,quetiapine
Headaches,11,1%,quetiapine
Grogginess,10,1%,quetiapine
Muscle twitching (fasciculations),10,1%,quetiapine
Excessive sleeping (hypersomnia),9,1%,quetiapine
Grogginess in morning,9,1%,quetiapine
Hunger,9,1%,quetiapine
Irritability,9,1%,quetiapine
Lethargy,9,1%,quetiapine
Memory problems,9,1%,quetiapine
Muscle twitching (fasciculations) in face,9,1%,quetiapine
Vivid dreams,9,1%,quetiapine
Depressed mood,8,1%,quetiapine
Insomnia,8,1%,quetiapine
Heart palpitations,7,1%,quetiapine
Itching,7,1%,quetiapine
Oversleeping (too much sleep),7,1%,quetiapine
Restless legs syndrome,7,1%,quetiapine
Tremor in hands,7,1%,quetiapine
Exhaustion,6,1%,quetiapine
Hallucinations,6,1%,quetiapine
Nasal congestion,6,1%,quetiapine
Nightmares,6,1%,quetiapine
Shakiness,6,1%,quetiapine
Slowed thinking,6,1%,quetiapine
Sweet cravings,6,1%,quetiapine
Tachycardia (fast heart rate),6,1%,quetiapine
Anxious mood,5,1%,quetiapine
Apathy,5,1%,quetiapine
Cognitive confusion,5,1%,quetiapine
Confusion,5,1%,quetiapine
Daytime tiredness,5,1%,quetiapine
Elevated blood sugar (hyperglycemia),5,1%,quetiapine
Extreme sedation,5,1%,quetiapine
Slow to wake in morning,8,12%,temazepam
Problems concentrating,7,10%,temazepam
Difficulty waking up,6,9%,temazepam
Brain fog,5,7%,temazepam
Difficulty falling asleep,5,7%,temazepam
Sedation,5,7%,temazepam
Difficulty thinking,4,6%,temazepam
Grogginess,4,6%,temazepam
Grogginess in morning,4,6%,temazepam
Waking up during the night,4,6%,temazepam
Drowsiness,3,4%,temazepam
Drowsy in morning,3,4%,temazepam
Excessive daytime sleepiness (somnolence),3,4%,temazepam
Fainting,2,3%,temazepam
Forgetfulness,2,3%,temazepam
Headaches,2,3%,temazepam
Lack of motivation,2,3%,temazepam
Oversleeping (too much sleep),2,3%,temazepam
Blurry vision,1,1%,temazepam
Daytime tiredness,1,1%,temazepam
Decreased appetite,1,1%,temazepam
Deteriorating mental ability (dementia),1,1%,temazepam
Dizziness,1,1%,temazepam
Dry eyes,1,1%,temazepam
Early morning wakefulness,1,1%,temazepam
Excessive dry mouth,1,1%,temazepam
Fatigue,1,1%,temazepam
Increased need for sleep,1,1%,temazepam
Lethargic in the the morning,1,1%,temazepam
Lethargy,1,1%,temazepam
Loss of energy,1,1%,temazepam
Memory problems,1,1%,temazepam
Morning nausea,1,1%,temazepam
Neurological fatigue,1,1%,temazepam
Rebound insomnia,1,1%,temazepam
Sinus congestion,1,1%,temazepam
Sleep apnea disorder,1,1%,temazepam
Sleep sex,1,1%,temazepam
Sluggishness,1,1%,temazepam
Stiffness in neck,1,1%,temazepam
Suicidal thoughts or urges,1,1%,temazepam
Sweet cravings,1,1%,temazepam
Tired eyes,1,1%,temazepam
Tired for a few hours after treatment,1,1%,temazepam
Unresponsiveness,1,1%,temazepam
Unsteadiness,1,1%,temazepam
Vivid nightmares,1,1%,temazepam
Weight gain,1,1%,temazepam
Fatigue,40,11%,carbamazepine
Dizziness,34,10%,carbamazepine
Drowsiness,25,7%,carbamazepine
Sleepiness,23,7%,carbamazepine
Nausea,21,6%,carbamazepine
Excessive daytime sleepiness (somnolence),19,5%,carbamazepine
Weight gain,19,5%,carbamazepine
Tiredness,18,5%,carbamazepine
Headaches,15,4%,carbamazepine
Balance problems,13,4%,carbamazepine
Depressed mood,11,3%,carbamazepine
Double vision (diplopia),10,3%,carbamazepine
Blurry vision,9,3%,carbamazepine
Constipation,9,3%,carbamazepine
Memory problems,9,3%,carbamazepine
Mood swings,9,3%,carbamazepine
Problems concentrating,9,3%,carbamazepine
Migraine headaches,8,2%,carbamazepine
Short term memory problems,8,2%,carbamazepine
Brain fog,7,2%,carbamazepine
"Rashes (redness, swelling)",7,2%,carbamazepine
Cognitive confusion,6,2%,carbamazepine
Decreased appetite,6,2%,carbamazepine
Vertigo,6,2%,carbamazepine
Anxious mood,5,1%,carbamazepine
Dry mouth,5,1%,carbamazepine
Hives (urticaria),5,1%,carbamazepine
Seizures,5,1%,carbamazepine
Stomach pain,5,1%,carbamazepine
Confusion,4,1%,carbamazepine
Decreased sex drive (libido),4,1%,carbamazepine
Forgetfulness,4,1%,carbamazepine
Hair loss,4,1%,carbamazepine
Hallucinations,4,1%,carbamazepine
Irritability,4,1%,carbamazepine
Lethargy,4,1%,carbamazepine
Unrefreshing or poor sleep,4,1%,carbamazepine
Vision problems,4,1%,carbamazepine
Daytime tiredness,3,1%,carbamazepine
Diarrhea,3,1%,carbamazepine
Dizziness/walking like I'm drunk,3,1%,carbamazepine
Increased appetite,3,1%,carbamazepine
Increased sleepiness,3,1%,carbamazepine
Itching,3,1%,carbamazepine
Low white blood cell count (leukopenia),3,1%,carbamazepine
Memory lapses (brain blinks),3,1%,carbamazepine
Suicidal thoughts or urges,3,1%,carbamazepine
Vomiting,3,1%,carbamazepine
Acne,2,1%,carbamazepine
Change in taste,2,1%,carbamazepine
Constant tiredness,2,1%,carbamazepine
Drowsiness,14,16%,Melatonin
Vivid dreams,7,8%,Melatonin
Depressed mood,6,7%,Melatonin
Grogginess in morning,5,6%,Melatonin
Excessive daytime sleepiness (somnolence),4,4%,Melatonin
Fatigue,4,4%,Melatonin
Nausea,3,3%,Melatonin
Nightmares,3,3%,Melatonin
Sleepiness,3,3%,Melatonin
Unrefreshing or poor sleep,3,3%,Melatonin
Bad dreams,2,2%,Melatonin
Daytime tiredness,2,2%,Melatonin
Dizziness,2,2%,Melatonin
Drowsy in morning,2,2%,Melatonin
Headaches,2,2%,Melatonin
Insomnia,2,2%,Melatonin
Stomach pain,2,2%,Melatonin
Tiredness,2,2%,Melatonin
Vivid nightmares,2,2%,Melatonin
Acne breakout,1,1%,Melatonin
Bowel irritability,1,1%,Melatonin
Brain fog,1,1%,Melatonin
Derealization,1,1%,Melatonin
Diarrhea,1,1%,Melatonin
Difficulty waking up,1,1%,Melatonin
Dissociation,1,1%,Melatonin
Dizzy spells,1,1%,Melatonin
Dreams,1,1%,Melatonin
Drug tolerance,1,1%,Melatonin
Dry eyes,1,1%,Melatonin
Dry mouth,1,1%,Melatonin
Dry mouth at night,1,1%,Melatonin
Excessive sleeping (hypersomnia),1,1%,Melatonin
Excessive sweating,1,1%,Melatonin
Excessive yawning,1,1%,Melatonin
Exhaustion,1,1%,Melatonin
Gastrointestinal discomfort,1,1%,Melatonin
Grogginess,1,1%,Melatonin
Heart palpitations,1,1%,Melatonin
Increased anxiety,1,1%,Melatonin
Increased sleepiness,1,1%,Melatonin
Loopy feeling,1,1%,Melatonin
Losing train of thought,1,1%,Melatonin
Migraine with aura,1,1%,Melatonin
Morning sleepiness,1,1%,Melatonin
None,1,1%,Melatonin
Oversleeping (too much sleep),1,1%,Melatonin
Pain in shin(s),1,1%,Melatonin
Pressure headaches,1,1%,Melatonin
Repetitive behavior,1,1%,Melatonin
Sedation,1,1%,Melatonin
Self isolation,1,1%,Melatonin
Skin picking (dermatillomania),1,1%,Melatonin
Weight gain,17,29%,asenapine
Restlessness (akathisia),6,10%,asenapine
Numbness in tongue,5,8%,asenapine
Bad taste in mouth,3,5%,asenapine
Excessive daytime sleepiness (somnolence),3,5%,asenapine
Hunger,3,5%,asenapine
Nausea,3,5%,asenapine
Sleepiness,3,5%,asenapine
Bitter taste,2,3%,asenapine
Change in taste,2,3%,asenapine
Difficulty falling asleep,2,3%,asenapine
Extreme sedation,2,3%,asenapine
Fatigue,2,3%,asenapine
Increased appetite,2,3%,asenapine
Muscle aches,2,3%,asenapine
Night sweats,2,3%,asenapine
Numbness in mouth,2,3%,asenapine
Sedation,2,3%,asenapine
Tongue sores,2,3%,asenapine
Abdominal bloating,1,2%,asenapine
Anxious mood,1,2%,asenapine
Awakened by talking in sleep,1,2%,asenapine
Blurry vision,1,2%,asenapine
Breathing difficulty,1,2%,asenapine
Bruising,1,2%,asenapine
Burning sensation in mouth,1,2%,asenapine
Burning sensation in tongue,1,2%,asenapine
Buzzing vibration sensation,1,2%,asenapine
Cognitive impairment,1,2%,asenapine
Confusion,1,2%,asenapine
Constipation,1,2%,asenapine
Daytime sedation,1,2%,asenapine
Deadened emotions,1,2%,asenapine
Decreased appetite,1,2%,asenapine
Diarrhea,1,2%,asenapine
Difficulty staying asleep,1,2%,asenapine
Difficulty thinking,1,2%,asenapine
Drooling,1,2%,asenapine
Drowsiness,1,2%,asenapine
Dry mouth,1,2%,asenapine
Elevated blood pressure,1,2%,asenapine
Elevated blood sugar (hyperglycemia),1,2%,asenapine
Excessive gas,1,2%,asenapine
Feelings of deep sadness,1,2%,asenapine
Fidgeting,1,2%,asenapine
Grogginess,1,2%,asenapine
Grogginess in morning,1,2%,asenapine
Headaches,1,2%,asenapine
Increased need for sleep,1,2%,asenapine
Involuntary muscle movements,1,2%,asenapine
Itching,1,2%,asenapine
Dry mouth,2,40%,trimipramine
Fainting,1,20%,trimipramine
Headaches,1,20%,trimipramine
Tension headache,1,20%,trimipramine
Weight gain,1,20%,trimipramine
Lactation,1,100%,sulpiride
Fatigue,3,13%,prochlorperazine
Anxious mood,2,8%,prochlorperazine
Drowsiness,2,8%,prochlorperazine
Sleepiness,2,8%,prochlorperazine
Vertigo,2,8%,prochlorperazine
Agitation with restlessness,1,4%,prochlorperazine
Blurry vision,1,4%,prochlorperazine
Dizziness,1,4%,prochlorperazine
Dry mouth,1,4%,prochlorperazine
Dystonic storm,1,4%,prochlorperazine
Excessive daytime sleepiness (somnolence),1,4%,prochlorperazine
Functional constipation,1,4%,prochlorperazine
Insomnia,1,4%,prochlorperazine
Memory problems,1,4%,prochlorperazine
Migraine headaches,1,4%,prochlorperazine
Night or sleep terrors,1,4%,prochlorperazine
Panic attacks,1,4%,prochlorperazine
Restlessness (akathisia),1,4%,prochlorperazine
Sedation,1,4%,prochlorperazine
Sensitive gums,1,4%,prochlorperazine
Stomach pain,1,4%,prochlorperazine
Tremor in hands,1,4%,prochlorperazine
Dry mouth,2,50%,trifluoperazine
Insomnia,1,25%,trifluoperazine
Sedation,1,25%,trifluoperazine
Drowsiness,36,43%,promethazine
Sleepiness,10,12%,promethazine
Excessive daytime sleepiness (somnolence),6,7%,promethazine
Fatigue,6,7%,promethazine
Tiredness,6,7%,promethazine
Dry mouth,3,4%,promethazine
Grogginess in morning,3,4%,promethazine
Blurry vision,2,2%,promethazine
Disorientation,2,2%,promethazine
Dizziness,2,2%,promethazine
Excessive sleeping (hypersomnia),2,2%,promethazine
Increased appetite,2,2%,promethazine
Migraine headaches,2,2%,promethazine
Oversedation,2,2%,promethazine
Restless legs syndrome,2,2%,promethazine
Sedation,2,2%,promethazine
Weight gain,2,2%,promethazine
Aching in wrists,1,1%,promethazine
Blurry vision at night,1,1%,promethazine
Chest pain,1,1%,promethazine
Circulation problems,1,1%,promethazine
Complete exhaustion,1,1%,promethazine
Confusion,1,1%,promethazine
Diarrhea,1,1%,promethazine
Drowsy in morning,1,1%,promethazine
Excitability,1,1%,promethazine
Exhaustion,1,1%,promethazine
Fluid retention (edema),1,1%,promethazine
Food cravings,1,1%,promethazine
Grogginess,1,1%,promethazine
Headaches,1,1%,promethazine
Hunger,1,1%,promethazine
Loopy feeling,1,1%,promethazine
Makes me gag until I almost vomit,1,1%,promethazine
Nasal congestion,1,1%,promethazine
Night or sleep terrors,1,1%,promethazine
Nonepileptic seizures,1,1%,promethazine
Numbness in finger tips,1,1%,promethazine
Problems concentrating,1,1%,promethazine
Restlessness (akathisia),1,1%,promethazine
Seizures while asleep,1,1%,promethazine
Stomach pain,1,1%,promethazine
Tachycardia (fast heart rate),1,1%,promethazine
Vomiting,1,1%,promethazine
Whole body shaking,1,1%,promethazine
Diabetes type 2,1,25%,amisulpride
Excessive daytime sleepiness (somnolence),1,25%,amisulpride
Extrapyramidal syndrome,1,25%,amisulpride
Fever/chills,1,25%,amisulpride
Obesity,1,25%,amisulpride
Pain in knee(s),1,25%,amisulpride
Suicidal thoughts or urges,1,25%,amisulpride
Drowsiness,7,11%,doxepin
Dry mouth,5,8%,doxepin
Grogginess in morning,5,8%,doxepin
Sleepiness,5,8%,doxepin
Weight gain,5,8%,doxepin
Excessive daytime sleepiness (somnolence),4,6%,doxepin
Grogginess,4,6%,doxepin
Dizziness,3,5%,doxepin
Fatigue,3,5%,doxepin
Increased appetite,3,5%,doxepin
Brain fog,2,3%,doxepin
Constipation,2,3%,doxepin
Difficulty losing weight,2,3%,doxepin
Drowsy in morning,2,3%,doxepin
Dry eyes,2,3%,doxepin
Excessive dry mouth,2,3%,doxepin
Hallucinations,2,3%,doxepin
Nightmares,2,3%,doxepin
Suicidal thoughts or urges,2,3%,doxepin
Tiredness,2,3%,doxepin
Agitation with irritability,1,2%,doxepin
Blood in stool,1,2%,doxepin
Chest pain,1,2%,doxepin
Cognitive impairment,1,2%,doxepin
Complete exhaustion,1,2%,doxepin
Constant hunger,1,2%,doxepin
Cramps in arms,1,2%,doxepin
Depressed mood,1,2%,doxepin
Difficulty staying asleep,1,2%,doxepin
Dry tongue,1,2%,doxepin
Flatulence,1,2%,doxepin
Hearing loss,1,2%,doxepin
Hearing problems,1,2%,doxepin
Heart palpitations,1,2%,doxepin
Hunger at night,1,2%,doxepin
Increased sleepiness,1,2%,doxepin
Insomnia,1,2%,doxepin
Jittery feeling,1,2%,doxepin
Mucus in stool,1,2%,doxepin
Panic attacks,1,2%,doxepin
Phantom pain,1,2%,doxepin
Proctitis,1,2%,doxepin
Sedation,1,2%,doxepin
Sluggishness,1,2%,doxepin
Tired when first up in morning,1,2%,doxepin
Urinary hesitancy,1,2%,doxepin
Urinary retention,1,2%,doxepin
Vertigo,1,2%,doxepin
Worsening depression,1,2%,doxepin
Decreased sex drive (libido),162,16%,Sertraline
Weight gain,137,14%,Sertraline
Dry mouth,82,8%,Sertraline
Fatigue,80,8%,Sertraline
Nausea,57,6%,Sertraline
Insomnia,46,5%,Sertraline
Diarrhea,37,4%,Sertraline
Sexual dysfunction,37,4%,Sertraline
Headaches,35,3%,Sertraline
Drowsiness,33,3%,Sertraline
Emotional withdrawal,31,3%,Sertraline
Suicidal thoughts or urges,31,3%,Sertraline
Migraine headaches,29,3%,Sertraline
Sleepiness,29,3%,Sertraline
Anxious mood,26,3%,Sertraline
Dizziness,25,2%,Sertraline
Decreased appetite,24,2%,Sertraline
Insomnia,21,2%,Sertraline
Depressed mood,20,2%,Sertraline
Excessive daytime sleepiness (somnolence),20,2%,Sertraline
Irritability,16,2%,Sertraline
Increased appetite,14,1%,Sertraline
Brain shocks,13,1%,Sertraline
Difficulty with orgasm,13,1%,Sertraline
Restlessness (akathisia),13,1%,Sertraline
Tiredness,13,1%,Sertraline
Lack of motivation,12,1%,Sertraline
Brain fog,11,1%,Sertraline
Lethargy,10,1%,Sertraline
Mood swings,10,1%,Sertraline
Increased anxiety,9,1%,Sertraline
Night sweats,9,1%,Sertraline
Paranoia,9,1%,Sertraline
Stomach pain,9,1%,Sertraline
Suicidal ideation,9,1%,Sertraline
Tremor in hands,9,1%,Sertraline
Tremor(s),9,1%,Sertraline
Apathy,8,1%,Sertraline
Difficulty staying asleep,8,1%,Sertraline
Excessive sweating,8,1%,Sertraline
Mania,8,1%,Sertraline
Problems concentrating,8,1%,Sertraline
Vivid dreams,8,1%,Sertraline
Acid reflux,7,1%,Sertraline
Constipation,7,1%,Sertraline
Memory problems,7,1%,Sertraline
Shakiness,7,1%,Sertraline
Vertigo,7,1%,Sertraline
Weight loss,7,1%,Sertraline
Weight gain,36,13%,paroxetine
Decreased sex drive (libido),32,11%,paroxetine
Sexual dysfunction,26,9%,paroxetine
Nausea,21,7%,paroxetine
Headaches,17,6%,paroxetine
Dizziness,13,5%,paroxetine
Dry mouth,13,5%,paroxetine
Agitation,12,4%,paroxetine
Brain fog,12,4%,paroxetine
Fatigue,12,4%,paroxetine
Anxious mood,11,4%,paroxetine
Insomnia,11,4%,paroxetine
Drowsiness,9,3%,paroxetine
Constipation,7,2%,paroxetine
Excessive daytime sleepiness (somnolence),7,2%,paroxetine
Tremor(s),7,2%,paroxetine
Decreased appetite,6,2%,paroxetine
Excessive sweating,6,2%,paroxetine
Blurry vision,5,2%,paroxetine
Depressed mood,5,2%,paroxetine
Diarrhea,4,1%,paroxetine
Mood swings,4,1%,paroxetine
Night sweats,4,1%,paroxetine
Sleepiness,4,1%,paroxetine
SSRI discontinuation (withdrawal) syndrome,4,1%,paroxetine
Suicidal ideation,4,1%,paroxetine
Tiredness,4,1%,paroxetine
Withdrawal effects,4,1%,paroxetine
Confusion,3,1%,paroxetine
Deadened emotions,3,1%,paroxetine
Difficulty staying asleep,3,1%,paroxetine
Difficulty with orgasm,3,1%,paroxetine
Dizziness with disorientation,3,1%,paroxetine
Excessive sleeping (hypersomnia),3,1%,paroxetine
Inability to experience pleasure (anhedonia),3,1%,paroxetine
Lack of motivation,3,1%,paroxetine
Lightheadedness,3,1%,paroxetine
Anger,2,1%,paroxetine
Bad taste in mouth,2,1%,paroxetine
Balance problems,2,1%,paroxetine
Bipolar manic episodes,2,1%,paroxetine
Brain shocks,2,1%,paroxetine
Weight gain,252,31%,quetiapine
Drowsiness,87,11%,quetiapine
Sleepiness,59,7%,quetiapine
Fatigue,49,6%,quetiapine
Excessive daytime sleepiness (somnolence),42,5%,quetiapine
Dry mouth,30,4%,quetiapine
Loss of energy,29,4%,quetiapine
Problems concentrating,27,3%,quetiapine
Tiredness,25,3%,quetiapine
Dizziness,24,3%,quetiapine
Drowsy in morning,21,3%,quetiapine
Increased appetite,21,3%,quetiapine
Brain fog,15,2%,quetiapine
Constipation,15,2%,quetiapine
Nausea,15,2%,quetiapine
Sedation,15,2%,quetiapine
Restless feeling in legs,14,2%,quetiapine
Difficulty waking up,13,2%,quetiapine
Headaches,11,1%,quetiapine
Grogginess,10,1%,quetiapine
Muscle twitching (fasciculations),10,1%,quetiapine
Excessive sleeping (hypersomnia),9,1%,quetiapine
Grogginess in morning,9,1%,quetiapine
Hunger,9,1%,quetiapine
Irritability,9,1%,quetiapine
Lethargy,9,1%,quetiapine
Memory problems,9,1%,quetiapine
Muscle twitching (fasciculations) in face,9,1%,quetiapine
Vivid dreams,9,1%,quetiapine
Depressed mood,8,1%,quetiapine
Insomnia,8,1%,quetiapine
Heart palpitations,7,1%,quetiapine
Itching,7,1%,quetiapine
Oversleeping (too much sleep),7,1%,quetiapine
Restless legs syndrome,7,1%,quetiapine
Tremor in hands,7,1%,quetiapine
Exhaustion,6,1%,quetiapine
Hallucinations,6,1%,quetiapine
Nasal congestion,6,1%,quetiapine
Nightmares,6,1%,quetiapine
Shakiness,6,1%,quetiapine
Slowed thinking,6,1%,quetiapine
Sweet cravings,6,1%,quetiapine
Tachycardia (fast heart rate),6,1%,quetiapine
Anxious mood,5,1%,quetiapine
Apathy,5,1%,quetiapine
Cognitive confusion,5,1%,quetiapine
Confusion,5,1%,quetiapine
Daytime tiredness,5,1%,quetiapine
Elevated blood sugar (hyperglycemia),5,1%,quetiapine
Weight gain,61,28%,risperidone
Drowsiness,16,7%,risperidone
Sleepiness,15,7%,risperidone
Decreased sex drive (libido),12,6%,risperidone
Excessive daytime sleepiness (somnolence),12,6%,risperidone
Lactation,12,6%,risperidone
Tiredness,9,4%,risperidone
Fatigue,8,4%,risperidone
Apathy,6,3%,risperidone
Headaches,6,3%,risperidone
Nausea,6,3%,risperidone
Constipation,5,2%,risperidone
Laziness,5,2%,risperidone
Lethargy,5,2%,risperidone
Memory problems,5,2%,risperidone
Anger,4,2%,risperidone
Constant hunger,4,2%,risperidone
Hunger,4,2%,risperidone
Irregular menstrual periods,4,2%,risperidone
Prolactin increased,4,2%,risperidone
Restlessness (akathisia),4,2%,risperidone
Stiffness in neck,4,2%,risperidone
Anxious mood,3,1%,risperidone
Bipolar manic episodes,3,1%,risperidone
Blurry vision,3,1%,risperidone
Brain fog,3,1%,risperidone
Breast enlargement,3,1%,risperidone
Breast tenderness,3,1%,risperidone
Cognitive impairment,3,1%,risperidone
Dry mouth,3,1%,risperidone
Increased appetite,3,1%,risperidone
Lack of motivation,3,1%,risperidone
Sedation,3,1%,risperidone
Sluggishness,3,1%,risperidone
Tardive dyskinesia,3,1%,risperidone
Tremor(s),3,1%,risperidone
Chronic constipation,2,1%,risperidone
Depressed mood,2,1%,risperidone
Dissociation,2,1%,risperidone
Dizziness,2,1%,risperidone
Excessive sleeping (hypersomnia),2,1%,risperidone
Excess saliva,2,1%,risperidone
Heart palpitations,2,1%,risperidone
Mania,2,1%,risperidone
Migraine headaches,2,1%,risperidone
Mood swings,2,1%,risperidone
Overeating,2,1%,risperidone
Pain,2,1%,risperidone
Pain in breast,2,1%,risperidone
Sexual dysfunction,2,1%,risperidone
Constipation,3,38%,reboxetine
Balance problems,1,13%,reboxetine
Chronic constipation,1,13%,reboxetine
Dizziness,1,13%,reboxetine
Elevated blood pressure,1,13%,reboxetine
Excessive sweating,1,13%,reboxetine
Headaches,1,13%,reboxetine
Heart palpitations,1,13%,reboxetine
Insomnia,1,13%,reboxetine
Low blood pressure,1,13%,reboxetine
Nervousness,1,13%,reboxetine
Nightmares,1,13%,reboxetine
Night sweats,1,13%,reboxetine
Sleep disturbances,1,13%,reboxetine
Restlessness (akathisia),6,21%,cariprazine
Decreased appetite,2,7%,cariprazine
Nausea,2,7%,cariprazine
Weight gain,2,7%,cariprazine
Aggravation,1,4%,cariprazine
Agitation with restlessness,1,4%,cariprazine
Bipolar rapid cycling,1,4%,cariprazine
Constipation,1,4%,cariprazine
Decreased sex drive (libido),1,4%,cariprazine
Difficulty staying asleep,1,4%,cariprazine
Elevated blood pressure,1,4%,cariprazine
Elevated blood sugar (hyperglycemia),1,4%,cariprazine
Excessive daytime sleepiness (somnolence),1,4%,cariprazine
Fatigue,1,4%,cariprazine
Feeling medicated and distant,1,4%,cariprazine
Inattention,1,4%,cariprazine
Increased appetite,1,4%,cariprazine
Joint pain,1,4%,cariprazine
Mania,1,4%,cariprazine
Memory loss,1,4%,cariprazine
Motor skill difficulty,1,4%,cariprazine
Muscle spasms,1,4%,cariprazine
Premature menopause,1,4%,cariprazine
Rocking,1,4%,cariprazine
Sleepiness,1,4%,cariprazine
Slowed thinking,1,4%,cariprazine
Slow movement (bradykinesia),1,4%,cariprazine
Slurred speech,1,4%,cariprazine
Suicidal ideation,1,4%,cariprazine
Sweating,1,4%,cariprazine
Sweet cravings,1,4%,cariprazine
Tachycardia (fast heart rate),1,4%,cariprazine
Tiredness,1,4%,cariprazine
Tremor in hands,1,4%,cariprazine
Worsening depression,1,4%,cariprazine
Generalized weakness (asthenia),1,20%,flupentixol
Pain in arm(s),1,20%,flupentixol
Restlessness (akathisia),1,20%,flupentixol
Tremor in hands,1,20%,flupentixol
Urinary incontinence,1,20%,flupentixol
Decreased sex drive (libido),78,10%,fluoxetine
Sexual dysfunction,73,9%,fluoxetine
Nausea,70,9%,fluoxetine
Weight gain,68,8%,fluoxetine
Anxious mood,44,5%,fluoxetine
Vivid dreams,37,5%,fluoxetine
Fatigue,36,4%,fluoxetine
Headaches,36,4%,fluoxetine
Dry mouth,33,4%,fluoxetine
Suicidal thoughts or urges,25,3%,fluoxetine
Insomnia,24,3%,fluoxetine
Decreased appetite,23,3%,fluoxetine
Drowsiness,23,3%,fluoxetine
Depressed mood,21,3%,fluoxetine
Agitation,20,2%,fluoxetine
Jittery feeling,18,2%,fluoxetine
Excessive daytime sleepiness (somnolence),17,2%,fluoxetine
Sleepiness,17,2%,fluoxetine
Dizziness,16,2%,fluoxetine
Tiredness,16,2%,fluoxetine
Diarrhea,15,2%,fluoxetine
Panic attacks,15,2%,fluoxetine
Problems concentrating,14,2%,fluoxetine
Increased anxiety,13,2%,fluoxetine
Increased appetite,11,1%,fluoxetine
Irritability,11,1%,fluoxetine
Mood swings,11,1%,fluoxetine
Deadened emotions,10,1%,fluoxetine
Insomnia,10,1%,fluoxetine
Difficulty with orgasm,9,1%,fluoxetine
Memory problems,9,1%,fluoxetine
Excessive yawning,8,1%,fluoxetine
Lack of motivation,8,1%,fluoxetine
Mania,8,1%,fluoxetine
Weight loss,8,1%,fluoxetine
Apathy,7,1%,fluoxetine
Constipation,7,1%,fluoxetine
Lethargy,7,1%,fluoxetine
Migraine headaches,7,1%,fluoxetine
Nightmares,7,1%,fluoxetine
Stomach pain,7,1%,fluoxetine
Agitation with restlessness,6,1%,fluoxetine
Anger,6,1%,fluoxetine
Brain fog,6,1%,fluoxetine
Mania increased,6,1%,fluoxetine
Nervousness,6,1%,fluoxetine
Night sweats,6,1%,fluoxetine
Restless feeling in legs,6,1%,fluoxetine
Shakiness,6,1%,fluoxetine
Sweating,6,1%,fluoxetine
Weight gain,3,43%,dosulepin
Chronic constipation,1,14%,dosulepin
Dizziness,1,14%,dosulepin
Dry eyes,1,14%,dosulepin
Dry mouth,1,14%,dosulepin
Feet tingling,1,14%,dosulepin
Nausea,1,14%,dosulepin
Numbness in hands,1,14%,dosulepin
Pressure headaches,1,14%,dosulepin
Drowsiness,36,43%,promethazine
Sleepiness,10,12%,promethazine
Excessive daytime sleepiness (somnolence),6,7%,promethazine
Fatigue,6,7%,promethazine
Tiredness,6,7%,promethazine
Dry mouth,3,4%,promethazine
Grogginess in morning,3,4%,promethazine
Blurry vision,2,2%,promethazine
Disorientation,2,2%,promethazine
Dizziness,2,2%,promethazine
Excessive sleeping (hypersomnia),2,2%,promethazine
Increased appetite,2,2%,promethazine
Migraine headaches,2,2%,promethazine
Oversedation,2,2%,promethazine
Restless legs syndrome,2,2%,promethazine
Sedation,2,2%,promethazine
Weight gain,2,2%,promethazine
Aching in wrists,1,1%,promethazine
Blurry vision at night,1,1%,promethazine
Chest pain,1,1%,promethazine
Circulation problems,1,1%,promethazine
Complete exhaustion,1,1%,promethazine
Confusion,1,1%,promethazine
Diarrhea,1,1%,promethazine
Drowsy in morning,1,1%,promethazine
Excitability,1,1%,promethazine
Exhaustion,1,1%,promethazine
Fluid retention (edema),1,1%,promethazine
Food cravings,1,1%,promethazine
Grogginess,1,1%,promethazine
Headaches,1,1%,promethazine
Hunger,1,1%,promethazine
Loopy feeling,1,1%,promethazine
Makes me gag until I almost vomit,1,1%,promethazine
Nasal congestion,1,1%,promethazine
Night or sleep terrors,1,1%,promethazine
Nonepileptic seizures,1,1%,promethazine
Numbness in finger tips,1,1%,promethazine
Problems concentrating,1,1%,promethazine
Restlessness (akathisia),1,1%,promethazine
Seizures while asleep,1,1%,promethazine
Stomach pain,1,1%,promethazine
Tachycardia (fast heart rate),1,1%,promethazine
Vomiting,1,1%,promethazine
Whole body shaking,1,1%,promethazine
Excessive daytime sleepiness (somnolence),2,13%,promazine
Nausea,2,13%,promazine
Sedation,2,13%,promazine
Weight gain,2,13%,promazine
Balance problems,1,6%,promazine
Blurry vision,1,6%,promazine
Dizziness,1,6%,promazine
Drowsiness,1,6%,promazine
Drowsy in morning,1,6%,promazine
Dry mouth,1,6%,promazine
Expressionless face (masklike),1,6%,promazine
Grogginess,1,6%,promazine
Hallucinations,1,6%,promazine
Headaches,1,6%,promazine
Increased appetite,1,6%,promazine
Memory problems,1,6%,promazine
Muscle stiffness,1,6%,promazine
Muscle weakness,1,6%,promazine
Oversleeping (too much sleep),1,6%,promazine
Seizures,1,6%,promazine
Sleepiness,1,6%,promazine
Swallowing difficulty (dysphagia),1,6%,promazine
Tardive dyskinesia,1,6%,promazine
Unsteadiness,1,6%,promazine
Fatigue,3,13%,prochlorperazine
Anxious mood,2,8%,prochlorperazine
Drowsiness,2,8%,prochlorperazine
Sleepiness,2,8%,prochlorperazine
Vertigo,2,8%,prochlorperazine
Agitation with restlessness,1,4%,prochlorperazine
Blurry vision,1,4%,prochlorperazine
Dizziness,1,4%,prochlorperazine
Dry mouth,1,4%,prochlorperazine
Dystonic storm,1,4%,prochlorperazine
Excessive daytime sleepiness (somnolence),1,4%,prochlorperazine
Functional constipation,1,4%,prochlorperazine
Insomnia,1,4%,prochlorperazine
Memory problems,1,4%,prochlorperazine
Migraine headaches,1,4%,prochlorperazine
Night or sleep terrors,1,4%,prochlorperazine
Panic attacks,1,4%,prochlorperazine
Restlessness (akathisia),1,4%,prochlorperazine
Sedation,1,4%,prochlorperazine
Sensitive gums,1,4%,prochlorperazine
Stomach pain,1,4%,prochlorperazine
Tremor in hands,1,4%,prochlorperazine
Tremor in hands,130,20%,lithium
Weight gain,109,16%,lithium
Nausea,63,9%,lithium
Thirst,49,7%,lithium
Diarrhea,46,7%,lithium
Excessive thirst (polydipsia),46,7%,lithium
Tremor(s),42,6%,lithium
Frequent urination,37,6%,lithium
Dry mouth,25,4%,lithium
Shakiness,25,4%,lithium
Hypothyroidism,24,4%,lithium
Acne breakout,23,3%,lithium
Headaches,20,3%,lithium
Lithium toxicity,19,3%,lithium
Generalized weakness (asthenia),18,3%,lithium
Fatigue,14,2%,lithium
Brain fog,13,2%,lithium
Memory problems,13,2%,lithium
Hair loss,12,2%,lithium
Shaky hands,11,2%,lithium
Acne,9,1%,lithium
Decreased kidney function,9,1%,lithium
Dizziness,9,1%,lithium
Lethargy,9,1%,lithium
Tiredness,9,1%,lithium
Constipation,8,1%,lithium
Dehydration,8,1%,lithium
Drowsiness,8,1%,lithium
Dry skin,8,1%,lithium
Migraine headaches,8,1%,lithium
Vomiting,8,1%,lithium
Blurry vision,7,1%,lithium
Decreased sex drive (libido),7,1%,lithium
Problems concentrating,7,1%,lithium
Excessive dry mouth,6,1%,lithium
Fluid retention (edema),6,1%,lithium
Stomach pain,6,1%,lithium
Apathy,5,1%,lithium
Depressed mood,5,1%,lithium
Excessive daytime sleepiness (somnolence),5,1%,lithium
Increased urination,5,1%,lithium
Joint pain,5,1%,lithium
Joint stiffness,5,1%,lithium
Abdominal bloating,4,1%,lithium
Anxious mood,4,1%,lithium
Cognitive impairment,4,1%,lithium
Confusion,4,1%,lithium
Decreased appetite,4,1%,lithium
Essential tremor,4,1%,lithium
Hair thinning,4,1%,lithium
Weight gain,648,32%,pregabalin
Dizziness,224,11%,pregabalin
Blurry vision,150,8%,pregabalin
Fatigue,148,7%,pregabalin
Brain fog,143,7%,pregabalin
Problems concentrating,122,6%,pregabalin
Tiredness,103,5%,pregabalin
Drowsiness,81,4%,pregabalin
Headaches,79,4%,pregabalin
Dry mouth,72,4%,pregabalin
Slow to wake in morning,68,3%,pregabalin
Excessive daytime sleepiness (somnolence),61,3%,pregabalin
Sleepiness,59,3%,pregabalin
Nausea,58,3%,pregabalin
Memory problems,40,2%,pregabalin
Swelling in hands,40,2%,pregabalin
Constipation,36,2%,pregabalin
Balance problems,34,2%,pregabalin
Fluid retention (edema),32,2%,pregabalin
Depressed mood,27,1%,pregabalin
Suicidal thoughts or urges,25,1%,pregabalin
Swelling in feet,25,1%,pregabalin
Lightheadedness,22,1%,pregabalin
Migraine headaches,22,1%,pregabalin
Swelling in lower extremities,22,1%,pregabalin
Anxious mood,21,1%,pregabalin
Vertigo,20,1%,pregabalin
Decreased sex drive (libido),17,1%,pregabalin
Increased appetite,17,1%,pregabalin
Vision problems,17,1%,pregabalin
Spacing out,16,1%,pregabalin
Cognitive confusion,15,1%,pregabalin
Mood swings,15,1%,pregabalin
"Rashes (redness, swelling)",15,1%,pregabalin
Cognitive impairment,14,1%,pregabalin
Hallucinations,14,1%,pregabalin
Abdominal bloating,12,1%,pregabalin
Forgetfulness,12,1%,pregabalin
Irritability,12,1%,pregabalin
Loopy feeling,12,1%,pregabalin
Memory lapses (brain blinks),12,1%,pregabalin
Dry eyes,11,1%,pregabalin
Facial swelling/puffiness,11,1%,pregabalin
Insomnia,11,1%,pregabalin
Loss of balance,11,1%,pregabalin
Muscle spasms,11,1%,pregabalin
Muscle twitching (fasciculations),11,1%,pregabalin
Double vision (diplopia),10,1%,pregabalin
Major depressive disorder,10,1%,pregabalin
Tremor(s),10,1%,pregabalin
Fatigue,1,50%,pimozide
Restlessness (akathisia),1,50%,pimozide
Tiredness,1,50%,pimozide
Drowsiness,36,43%,promethazine
Sleepiness,10,12%,promethazine
Excessive daytime sleepiness (somnolence),6,7%,promethazine
Fatigue,6,7%,promethazine
Tiredness,6,7%,promethazine
Dry mouth,3,4%,promethazine
Grogginess in morning,3,4%,promethazine
Blurry vision,2,2%,promethazine
Disorientation,2,2%,promethazine
Dizziness,2,2%,promethazine
Excessive sleeping (hypersomnia),2,2%,promethazine
Increased appetite,2,2%,promethazine
Migraine headaches,2,2%,promethazine
Oversedation,2,2%,promethazine
Restless legs syndrome,2,2%,promethazine
Sedation,2,2%,promethazine
Weight gain,2,2%,promethazine
Aching in wrists,1,1%,promethazine
Blurry vision at night,1,1%,promethazine
Chest pain,1,1%,promethazine
Circulation problems,1,1%,promethazine
Complete exhaustion,1,1%,promethazine
Confusion,1,1%,promethazine
Diarrhea,1,1%,promethazine
Drowsy in morning,1,1%,promethazine
Excitability,1,1%,promethazine
Exhaustion,1,1%,promethazine
Fluid retention (edema),1,1%,promethazine
Food cravings,1,1%,promethazine
Grogginess,1,1%,promethazine
Headaches,1,1%,promethazine
Hunger,1,1%,promethazine
Loopy feeling,1,1%,promethazine
Makes me gag until I almost vomit,1,1%,promethazine
Nasal congestion,1,1%,promethazine
Night or sleep terrors,1,1%,promethazine
Nonepileptic seizures,1,1%,promethazine
Numbness in finger tips,1,1%,promethazine
Problems concentrating,1,1%,promethazine
Restlessness (akathisia),1,1%,promethazine
Seizures while asleep,1,1%,promethazine
Stomach pain,1,1%,promethazine
Tachycardia (fast heart rate),1,1%,promethazine
Vomiting,1,1%,promethazine
Whole body shaking,1,1%,promethazine
Weight gain,6,30%,phenelzine
Difficulty with orgasm,5,25%,phenelzine
Daytime sedation,4,20%,phenelzine
Decreased sex drive (libido),3,15%,phenelzine
Difficulty thinking,3,15%,phenelzine
Memory problems,3,15%,phenelzine
Insomnia,2,10%,phenelzine
Problems concentrating,2,10%,phenelzine
Altered state of consciousness,1,5%,phenelzine
Chest pain,1,5%,phenelzine
Dry mouth,1,5%,phenelzine
Ejaculation dysfunction,1,5%,phenelzine
Excessive daytime sleepiness (somnolence),1,5%,phenelzine
Excessive sweating,1,5%,phenelzine
Falls,1,5%,phenelzine
Hallucinations,1,5%,phenelzine
Headaches,1,5%,phenelzine
Heartburn,1,5%,phenelzine
Increased appetite,1,5%,phenelzine
Low blood pressure,1,5%,phenelzine
Migraine headaches,1,5%,phenelzine
Orthostatic hypotension,1,5%,phenelzine
Sexual dysfunction,1,5%,phenelzine
Shooting nerve pain,1,5%,phenelzine
Stomach pain,1,5%,phenelzine
Urinary retention,1,5%,phenelzine
NAN,NAN,NAN,pericyazine
Insomnia,6,33%,tranylcypromine
Excessive daytime sleepiness (somnolence),4,22%,tranylcypromine
Insomnia,3,17%,tranylcypromine
Chills,2,11%,tranylcypromine
Decreased appetite,2,11%,tranylcypromine
Dizziness with hypotension upon standing,2,11%,tranylcypromine
Dry mouth,2,11%,tranylcypromine
Low blood pressure,2,11%,tranylcypromine
Sedation,2,11%,tranylcypromine
Buzzing electric sensation,1,6%,tranylcypromine
Chest tightness,1,6%,tranylcypromine
Constipation,1,6%,tranylcypromine
Decreased sex drive (libido),1,6%,tranylcypromine
Fatigue,1,6%,tranylcypromine
Feeling of heart pounding,1,6%,tranylcypromine
Migraine headaches,1,6%,tranylcypromine
Muscle fatigue,1,6%,tranylcypromine
Muscle weakness,1,6%,tranylcypromine
Orthostatic hypotension,1,6%,tranylcypromine
Partially obstructed airway,1,6%,tranylcypromine
Sexual dysfunction,1,6%,tranylcypromine
Sleepiness,1,6%,tranylcypromine
Throat tightness,1,6%,tranylcypromine
Tiredness,1,6%,tranylcypromine
Tremor in hands,1,6%,tranylcypromine
Tremor in legs,1,6%,tranylcypromine
Weight gain,1,6%,tranylcypromine
Weight gain,18,38%,paliperidone palmitate (depot)
Lactation,4,8%,paliperidone palmitate (depot)
Restlessness (akathisia),4,8%,paliperidone palmitate (depot)
Drowsiness,3,6%,paliperidone palmitate (depot)
Sexual dysfunction,3,6%,paliperidone palmitate (depot)
Sleepiness,3,6%,paliperidone palmitate (depot)
Decreased sex drive (libido),2,4%,paliperidone palmitate (depot)
Hyperprolactinemia,2,4%,paliperidone palmitate (depot)
Increased anxiety,2,4%,paliperidone palmitate (depot)
Insomnia,2,4%,paliperidone palmitate (depot)
Lack of motivation,2,4%,paliperidone palmitate (depot)
Mood swings,2,4%,paliperidone palmitate (depot)
Prolactin increased,2,4%,paliperidone palmitate (depot)
Anger,1,2%,paliperidone palmitate (depot)
Ataxia (lack of coordination),1,2%,paliperidone palmitate (depot)
Auditory hallucinations,1,2%,paliperidone palmitate (depot)
Bipolar rapid cycling,1,2%,paliperidone palmitate (depot)
Brain fog,1,2%,paliperidone palmitate (depot)
Breast discharge,1,2%,paliperidone palmitate (depot)
Breast enlargement,1,2%,paliperidone palmitate (depot)
Cellulitis,1,2%,paliperidone palmitate (depot)
Cognitive confusion,1,2%,paliperidone palmitate (depot)
Delusions,1,2%,paliperidone palmitate (depot)
Drooling,1,2%,paliperidone palmitate (depot)
Drooping eyelid (ptosis),1,2%,paliperidone palmitate (depot)
Dry mouth,1,2%,paliperidone palmitate (depot)
Elevated blood sugar (hyperglycemia),1,2%,paliperidone palmitate (depot)
Excessive daytime sleepiness (somnolence),1,2%,paliperidone palmitate (depot)
Fatigue,1,2%,paliperidone palmitate (depot)
Homicidal thoughts,1,2%,paliperidone palmitate (depot)
Increased appetite,1,2%,paliperidone palmitate (depot)
Injection site itching,1,2%,paliperidone palmitate (depot)
Injection site pain,1,2%,paliperidone palmitate (depot)
Irregular heartbeat (cardiac arrhythmia),1,2%,paliperidone palmitate (depot)
Irregular menstrual periods,1,2%,paliperidone palmitate (depot)
Jerky movements when resting,1,2%,paliperidone palmitate (depot)
Joint stiffness,1,2%,paliperidone palmitate (depot)
Lethargy,1,2%,paliperidone palmitate (depot)
Loss of life appeal,1,2%,paliperidone palmitate (depot)
Low testosterone,1,2%,paliperidone palmitate (depot)
Mania,1,2%,paliperidone palmitate (depot)
Migraine headaches,1,2%,paliperidone palmitate (depot)
Muscle aches,1,2%,paliperidone palmitate (depot)
Muscle soreness,1,2%,paliperidone palmitate (depot)
Need to eat to help with nausea,1,2%,paliperidone palmitate (depot)
Numbness and tingling with pins and needles,1,2%,paliperidone palmitate (depot)
Numbness in feet,1,2%,paliperidone palmitate (depot)
Oculogyric crisis,1,2%,paliperidone palmitate (depot)
Overeating,1,2%,paliperidone palmitate (depot)
Panic attacks,1,2%,paliperidone palmitate (depot)
Drowsiness,2,22%,oxazepam
Lightheadedness,2,22%,oxazepam
Grogginess,1,11%,oxazepam
Headaches,1,11%,oxazepam
Increased need for sleep,1,11%,oxazepam
Nausea,1,11%,oxazepam
Sleepiness,1,11%,oxazepam
Slowed thinking,1,11%,oxazepam
Weight gain,1,11%,oxazepam
Worsening depression,1,11%,oxazepam
Weight gain,108,54%,olanzapine pamoate monohydrate
Lethargy,17,9%,olanzapine pamoate monohydrate
Sedation,16,8%,olanzapine pamoate monohydrate
Fatigue,13,7%,olanzapine pamoate monohydrate
Drowsiness,9,5%,olanzapine pamoate monohydrate
Sleepiness,9,5%,olanzapine pamoate monohydrate
Constant hunger,7,4%,olanzapine pamoate monohydrate
Dry mouth,7,4%,olanzapine pamoate monohydrate
Dizziness,6,3%,olanzapine pamoate monohydrate
Increased appetite,6,3%,olanzapine pamoate monohydrate
Elevated blood sugar (hyperglycemia),4,2%,olanzapine pamoate monohydrate
Excessive daytime sleepiness (somnolence),4,2%,olanzapine pamoate monohydrate
High cholesterol (hypercholesterolemia),4,2%,olanzapine pamoate monohydrate
Restlessness (akathisia),4,2%,olanzapine pamoate monohydrate
Tremor in hands,4,2%,olanzapine pamoate monohydrate
Visual hallucinations,4,2%,olanzapine pamoate monohydrate
Decreased sex drive (libido),3,2%,olanzapine pamoate monohydrate
Diabetes type 2,3,2%,olanzapine pamoate monohydrate
Extreme sedation,3,2%,olanzapine pamoate monohydrate
Hunger,3,2%,olanzapine pamoate monohydrate
Problems concentrating,3,2%,olanzapine pamoate monohydrate
Tiredness,3,2%,olanzapine pamoate monohydrate
Abdominal bloating,2,1%,olanzapine pamoate monohydrate
Balance problems,2,1%,olanzapine pamoate monohydrate
Daytime sedation,2,1%,olanzapine pamoate monohydrate
Daytime tiredness,2,1%,olanzapine pamoate monohydrate
Depressed mood,2,1%,olanzapine pamoate monohydrate
Excessive sleeping (hypersomnia),2,1%,olanzapine pamoate monohydrate
Headaches,2,1%,olanzapine pamoate monohydrate
Increased anxiety,2,1%,olanzapine pamoate monohydrate
Increased need for sleep,2,1%,olanzapine pamoate monohydrate
Lack of motivation,2,1%,olanzapine pamoate monohydrate
Loss of energy,2,1%,olanzapine pamoate monohydrate
Mania,2,1%,olanzapine pamoate monohydrate
Nightmares,2,1%,olanzapine pamoate monohydrate
Obesity,2,1%,olanzapine pamoate monohydrate
Racing thoughts,2,1%,olanzapine pamoate monohydrate
Restless feeling in legs,2,1%,olanzapine pamoate monohydrate
Tremor(s),2,1%,olanzapine pamoate monohydrate
Worsening depression,2,1%,olanzapine pamoate monohydrate
Anger,1,1%,olanzapine pamoate monohydrate
Anxious mood,1,1%,olanzapine pamoate monohydrate
Ataxia (lack of coordination),1,1%,olanzapine pamoate monohydrate
Binge eating episodes,1,1%,olanzapine pamoate monohydrate
Bizarre dreams,1,1%,olanzapine pamoate monohydrate
Blood in mucus (nose and throat),1,1%,olanzapine pamoate monohydrate
Blurry vision,1,1%,olanzapine pamoate monohydrate
Body dysmorphic disorder,1,1%,olanzapine pamoate monohydrate
Brain fog,1,1%,olanzapine pamoate monohydrate
Breast enlargement,1,1%,olanzapine pamoate monohydrate
Apathy,1,100%,levomepromazine
Confusion,1,100%,levomepromazine
Sleepiness,1,100%,levomepromazine
Slurred speech,1,,levomepromazine
Dry mouth,59,25%,nortriptyline
Weight gain,32,14%,nortriptyline
Constipation,21,9%,nortriptyline
Fatigue,19,8%,nortriptyline
Drowsiness,16,7%,nortriptyline
Tachycardia (fast heart rate),13,5%,nortriptyline
Dizziness,9,4%,nortriptyline
Excessive dry mouth,8,3%,nortriptyline
Sleepiness,8,3%,nortriptyline
Depressed mood,7,3%,nortriptyline
Anxious mood,6,3%,nortriptyline
Excessive daytime sleepiness (somnolence),5,2%,nortriptyline
Increased appetite,5,2%,nortriptyline
Urinary retention,5,2%,nortriptyline
Blurry vision,4,2%,nortriptyline
Brain fog,4,2%,nortriptyline
Diarrhea,4,2%,nortriptyline
Difficulty urinating (dysuria),4,2%,nortriptyline
Dry eyes,4,2%,nortriptyline
Dry throat,4,2%,nortriptyline
Excessive thirst (polydipsia),4,2%,nortriptyline
Headaches,4,2%,nortriptyline
Insomnia,4,2%,nortriptyline
Irritability,4,2%,nortriptyline
Mood swings,4,2%,nortriptyline
Ringing in ears (tinnitus),4,2%,nortriptyline
Agitation with irritability,3,1%,nortriptyline
Confusion,3,1%,nortriptyline
Difficulty waking up,3,1%,nortriptyline
Elevated blood pressure,3,1%,nortriptyline
Excessive sweating,3,1%,nortriptyline
Heart palpitations,3,1%,nortriptyline
Heat intolerance,3,1%,nortriptyline
Increased anxiety,3,1%,nortriptyline
Memory problems,3,1%,nortriptyline
Migraine headaches,3,1%,nortriptyline
Morning sleepiness,3,1%,nortriptyline
Panic attacks,3,1%,nortriptyline
Sexual dysfunction,3,1%,nortriptyline
Shakiness,3,1%,nortriptyline
Sweating,3,1%,nortriptyline
Vertigo,3,1%,nortriptyline
Abdominal bloating,2,1%,nortriptyline
Chronic constipation,2,1%,nortriptyline
Cognitive confusion,2,1%,nortriptyline
Decreased appetite,2,1%,nortriptyline
Decreased sex drive (libido),2,1%,nortriptyline
Difficulty staying asleep,2,1%,nortriptyline
Dry mouth at night,2,1%,nortriptyline
Feeling hot/overheating,2,1%,nortriptyline
Dizziness,1,33%,nitrazepam
Drowsy in morning,1,33%,nitrazepam
Unrefreshing or poor sleep,1,33%,nitrazepam
Tardive dyskinesia,2,29%,fluphenazine
Tremor in hands,2,29%,fluphenazine
Akinesia,1,14%,fluphenazine
Involuntary muscle movements,1,14%,fluphenazine
Muscle twitching (fasciculations),1,14%,fluphenazine
Nausea,1,14%,fluphenazine
Stiffness/spasticity,1,14%,fluphenazine
Tremor(s),1,14%,fluphenazine
Weight gain,1,14%,fluphenazine
Fatigue,2,18%,moclobemide
Decreased appetite,1,9%,moclobemide
Dizziness,1,9%,moclobemide
Excessive daytime sleepiness (somnolence),1,9%,moclobemide
Extreme sedation,1,9%,moclobemide
Headaches,1,9%,moclobemide
Heightened sense of smell (hyperosmia),1,9%,moclobemide
Horrifying nightmares,1,9%,moclobemide
Increased anxiety,1,9%,moclobemide
Increased need for sleep,1,9%,moclobemide
Insomnia,1,9%,moclobemide
Loss of interest in food,1,9%,moclobemide
Muscle cramps,1,9%,moclobemide
Panic about future,1,9%,moclobemide
Panic attacks,1,9%,moclobemide
Restless legs syndrome,1,9%,moclobemide
Stomach pain,1,9%,moclobemide
Weight gain,1,9%,moclobemide
Weight gain,75,27%,mirtazapine
Increased appetite,34,12%,mirtazapine
Drowsiness,28,10%,mirtazapine
Sleepiness,23,8%,mirtazapine
Fatigue,15,5%,mirtazapine
Difficulty waking up,13,5%,mirtazapine
Dizziness,12,4%,mirtazapine
Excessive daytime sleepiness (somnolence),12,4%,mirtazapine
Restless feeling in legs,12,4%,mirtazapine
Dry mouth,10,4%,mirtazapine
Grogginess,9,3%,mirtazapine
Irritability,8,3%,mirtazapine
Vivid dreams,8,3%,mirtazapine
Depressed mood,6,2%,mirtazapine
Headaches,6,2%,mirtazapine
Anxious mood,5,2%,mirtazapine
Drowsy in morning,5,2%,mirtazapine
Excessive sleeping (hypersomnia),5,2%,mirtazapine
Insomnia,4,1%,mirtazapine
Muscle spasms,4,1%,mirtazapine
Nightmares,4,1%,mirtazapine
Cognitive confusion,3,1%,mirtazapine
Confusion,3,1%,mirtazapine
Constipation,3,1%,mirtazapine
Crying spells,3,1%,mirtazapine
Decreased sex drive (libido),3,1%,mirtazapine
Grogginess in morning,3,1%,mirtazapine
Heavy sensation,3,1%,mirtazapine
Hunger,3,1%,mirtazapine
Oversleeping (too much sleep),3,1%,mirtazapine
Suicidal thoughts or urges,3,1%,mirtazapine
Abdominal bloating,2,1%,mirtazapine
Aggressive behavior,2,1%,mirtazapine
Agitation,2,1%,mirtazapine
Agitation with restlessness,2,1%,mirtazapine
Anger,2,1%,mirtazapine
Apathy,2,1%,mirtazapine
Binge eating episodes,2,1%,mirtazapine
Brain fog,2,1%,mirtazapine
Brain shocks,2,1%,mirtazapine
Breast tenderness,2,1%,mirtazapine
Constant hunger,2,1%,mirtazapine
Constant tiredness,2,1%,mirtazapine
Craving carbs,2,1%,mirtazapine
Daytime sedation,2,1%,mirtazapine
Difficulty staying asleep,2,1%,mirtazapine
Exhaustion,2,1%,mirtazapine
Heart palpitations,2,1%,mirtazapine
Hiccups (hiccoughs),2,1%,mirtazapine
Hunger at night,2,1%,mirtazapine
Dizziness,1,33%,mianserin
Grogginess in morning,1,33%,mianserin
Increased appetite,1,33%,mianserin
Tiredness,1,33%,mianserin
Vivid dreams,1,33%,mianserin
Weight gain,1,33%,mianserin
Decreased sex drive (libido),162,16%,sertraline
Weight gain,137,14%,sertraline
Dry mouth,82,8%,sertraline
Fatigue,80,8%,sertraline
Nausea,57,6%,sertraline
Insomnia,46,5%,sertraline
Diarrhea,37,4%,sertraline
Sexual dysfunction,37,4%,sertraline
Headaches,35,3%,sertraline
Drowsiness,33,3%,sertraline
Emotional withdrawal,31,3%,sertraline
Suicidal thoughts or urges,31,3%,sertraline
Migraine headaches,29,3%,sertraline
Sleepiness,29,3%,sertraline
Anxious mood,26,3%,sertraline
Dizziness,25,2%,sertraline
Decreased appetite,24,2%,sertraline
Insomnia,21,2%,sertraline
Depressed mood,20,2%,sertraline
Excessive daytime sleepiness (somnolence),20,2%,sertraline
Irritability,16,2%,sertraline
Increased appetite,14,1%,sertraline
Brain shocks,13,1%,sertraline
Difficulty with orgasm,13,1%,sertraline
Restlessness (akathisia),13,1%,sertraline
Tiredness,13,1%,sertraline
Lack of motivation,12,1%,sertraline
Brain fog,11,1%,sertraline
Lethargy,10,1%,sertraline
Mood swings,10,1%,sertraline
Increased anxiety,9,1%,sertraline
Night sweats,9,1%,sertraline
Paranoia,9,1%,sertraline
Stomach pain,9,1%,sertraline
Suicidal ideation,9,1%,sertraline
Tremor in hands,9,1%,sertraline
Tremor(s),9,1%,sertraline
Apathy,8,1%,sertraline
Difficulty staying asleep,8,1%,sertraline
Excessive sweating,8,1%,sertraline
Mania,8,1%,sertraline
Problems concentrating,8,1%,sertraline
Vivid dreams,8,1%,sertraline
Acid reflux,7,1%,sertraline
Constipation,7,1%,sertraline
Memory problems,7,1%,sertraline
Shakiness,7,1%,sertraline
Vertigo,7,1%,sertraline
Weight loss,7,1%,sertraline
Deadened emotions,6,1%,sertraline
Restlessness (akathisia),20,14%,lurasidone
Weight gain,15,10%,lurasidone
Nausea,12,8%,lurasidone
Sleepiness,11,8%,lurasidone
Headaches,6,4%,lurasidone
Fatigue,5,3%,lurasidone
Increased anxiety,5,3%,lurasidone
Suicidal thoughts or urges,5,3%,lurasidone
Agitation,4,3%,lurasidone
Dizziness,4,3%,lurasidone
Drowsiness,4,3%,lurasidone
Worsening depression,4,3%,lurasidone
Elevated blood sugar (hyperglycemia),3,2%,lurasidone
Tardive dyskinesia,3,2%,lurasidone
Vomiting,3,2%,lurasidone
Akinesia,2,1%,lurasidone
Anger,2,1%,lurasidone
Anxiety attacks,2,1%,lurasidone
Anxious mood,2,1%,lurasidone
Depressed mood,2,1%,lurasidone
Difficulty sleeping,2,1%,lurasidone
Dry mouth,2,1%,lurasidone
Emotional flatness (flat affect),2,1%,lurasidone
Excessive daytime sleepiness (somnolence),2,1%,lurasidone
Heat intolerance,2,1%,lurasidone
Insomnia,2,1%,lurasidone
Irritability,2,1%,lurasidone
Jaw clenching,2,1%,lurasidone
Mood swings,2,1%,lurasidone
Muscle pain,2,1%,lurasidone
Nausea if taken on empty stomach,2,1%,lurasidone
Restless legs syndrome,2,1%,lurasidone
Sexual dysfunction,2,1%,lurasidone
Stomach pain,2,1%,lurasidone
Tiredness,2,1%,lurasidone
Tremor(s),2,1%,lurasidone
Unrefreshing or poor sleep,2,1%,lurasidone
Abdominal cramps,1,1%,lurasidone
Acid reflux,1,1%,lurasidone
Agitation with restlessness,1,1%,lurasidone
Antsy,1,1%,lurasidone
Blurry vision,1,1%,lurasidone
Body tremor,1,1%,lurasidone
Chills,1,1%,lurasidone
Cluster headaches,1,1%,lurasidone
Constipation,1,1%,lurasidone
Daytime tiredness,1,1%,lurasidone
Decreased appetite,1,1%,lurasidone
Decreased sex drive (libido),1,1%,lurasidone
Diarrhea,1,1%,lurasidone
Excessive sleeping (hypersomnia),1,1%,lormetazepamV
Drowsiness,106,27%,lorazepam
Sleepiness,56,14%,lorazepam
Fatigue,26,7%,lorazepam
Tiredness,24,6%,lorazepam
Sedation,22,6%,lorazepam
Memory loss,17,4%,lorazepam
Dizziness,16,4%,lorazepam
Excessive daytime sleepiness (somnolence),15,4%,lorazepam
Balance problems,14,4%,lorazepam
Memory problems,13,3%,lorazepam
Brain fog,9,2%,lorazepam
Depressed mood,8,2%,lorazepam
Dry mouth,8,2%,lorazepam
Stumbling,8,2%,lorazepam
Nausea,7,2%,lorazepam
Drowsy in morning,6,2%,lorazepam
Grogginess,5,1%,lorazepam
Sluggishness,5,1%,lorazepam
Anxious mood,4,1%,lorazepam
Cognitive impairment,4,1%,lorazepam
Forgetfulness,4,1%,lorazepam
Increased anxiety,4,1%,lorazepam
Irritability,4,1%,lorazepam
Lethargy,4,1%,lorazepam
Constipation,3,1%,lorazepam
Decreased sex drive (libido),3,1%,lorazepam
Euphoria,3,1%,lorazepam
Headaches,3,1%,lorazepam
Loopy feeling,3,1%,lorazepam
Mood swings,3,1%,lorazepam
Problems concentrating,3,1%,lorazepam
Slowed thinking,3,1%,lorazepam
Slow movement (bradykinesia),3,1%,lorazepam
Suicidal ideation,3,1%,lorazepam
Visual hallucinations,3,1%,lorazepam
Weight gain,3,1%,lorazepam
Apathy,2,1%,lorazepam
Blurry vision,2,1%,lorazepam
Breathing difficulty,2,1%,lorazepam
Confusion,2,1%,lorazepam
Crying,2,1%,lorazepam
Excessive sleeping (hypersomnia),2,1%,lorazepam
Grogginess in morning,2,1%,lorazepam
Inability to experience pleasure (anhedonia),2,1%,lorazepam
Loss of energy,2,1%,lorazepam
Mental confusion,2,1%,lorazepam
Morning sleepiness,2,1%,lorazepam
None,2,1%,lorazepam
Numbness in face,2,1%,lorazepam
Paranoia,2,1%,lorazepam
Grogginess in morning,1,25%,loprazolam
Headaches,1,25%,loprazolam
Memory loss,1,25%,loprazolam
Problems concentrating,1,25%,loprazolam
Sleepiness,1,25%,loprazolam
Weight loss,2,29%,lofepramine
Cold hands and feet,1,14%,lofepramine
Cold sensation in hand(s),1,14%,lofepramine
Decreased appetite,1,14%,lofepramine
Depressed mood,1,14%,lofepramine
Increased anxiety,1,14%,lofepramine
Itching,1,14%,lofepramine
Loss of interest in food,1,14%,lofepramine
Suicidal thoughts or urges,1,14%,lofepramine
Sweating,1,14%,lofepramine
Tremor in hands,1,50%,lithium citrate
Weight gain,1,50%,lithium citrate
Fatigue,1,50%,chlordiazepoxide
Forgetting words,1,50%,chlordiazepoxide
Weight gain,85,9%,lamotrigine
Dizziness,74,8%,lamotrigine
Headaches,72,7%,lamotrigine
Nausea,52,5%,lamotrigine
"Rashes (redness, swelling)",50,5%,lamotrigine
Memory problems,48,5%,lamotrigine
Insomnia,47,5%,lamotrigine
Problems concentrating,45,5%,lamotrigine
Fatigue,43,4%,lamotrigine
Drowsiness,41,4%,lamotrigine
Sleepiness,41,4%,lamotrigine
Dry mouth,39,4%,lamotrigine
Tiredness,37,4%,lamotrigine
Tremor in hands,37,4%,lamotrigine
Blurry vision,28,3%,lamotrigine
Excessive daytime sleepiness (somnolence),25,3%,lamotrigine
Anxious mood,17,2%,lamotrigine
Brain fog,17,2%,lamotrigine
Itching,16,2%,lamotrigine
Nightmares,16,2%,lamotrigine
Vivid dreams,16,2%,lamotrigine
Word fishing,16,2%,lamotrigine
Cognitive impairment,15,2%,lamotrigine
Decreased appetite,15,2%,lamotrigine
Hair loss,15,2%,lamotrigine
Migraine headaches,14,1%,lamotrigine
Depressed mood,13,1%,lamotrigine
Constipation,12,1%,lamotrigine
Insomnia,11,1%,lamotrigine
Suicidal thoughts or urges,11,1%,lamotrigine
Balance problems,10,1%,lamotrigine
Double vision (diplopia),10,1%,lamotrigine
Short term memory problems,10,1%,lamotrigine
Stevens Johnson syndrome,10,1%,lamotrigine
Irritability,9,1%,lamotrigine
Lethargy,9,1%,lamotrigine
Muscle twitching (fasciculations),9,1%,lamotrigine
Decreased sex drive (libido),8,1%,lamotrigine
Unrefreshing or poor sleep,8,1%,lamotrigine
Diarrhea,7,1%,lamotrigine
Forgetting words,7,1%,lamotrigine
Heart palpitations,7,1%,lamotrigine
Mood swings,7,1%,lamotrigine
Night sweats,7,1%,lamotrigine
Shakiness,7,1%,lamotrigine
Weight loss,7,1%,lamotrigine
Difficulty staying asleep,6,1%,lamotrigine
Dry skin,6,1%,lamotrigine
Forgetfulness,6,1%,lamotrigine
Memory lapses (brain blinks),6,1%,lamotrigine
Insomnia,3,100%,isocarboxazid
Muscle tension,2,67%,isocarboxazid
Restless feeling in legs,2,67%,isocarboxazid
Bowel irritability,1,33%,isocarboxazid
Crying spells,1,33%,isocarboxazid
Difficulty with orgasm,1,33%,isocarboxazid
Feeling tense or on edge,1,33%,isocarboxazid
Irritability,1,33%,isocarboxazid
Mania,1,33%,isocarboxazid
Teeth grinding (bruxism),1,33%,isocarboxazid
Uncontrollable crying,1,33%,isocarboxazid
Weakness in leg(s),1,33%,isocarboxazid
Dry mouth,10,43%,imipramine
Constipation,3,13%,imipramine
Difficulty with orgasm,3,13%,imipramine
Excessive daytime sleepiness (somnolence),2,9%,imipramine
Tachycardia (fast heart rate),2,9%,imipramine
Weight gain,2,9%,imipramine
Anticipatory anxiety,1,4%,imipramine
Anxiety attacks,1,4%,imipramine
Anxiety with driving,1,4%,imipramine
Bizarre dreams,1,4%,imipramine
Blurry vision,1,4%,imipramine
Breast enlargement,1,4%,imipramine
Breast soreness,1,4%,imipramine
Chronic throat clearing,1,4%,imipramine
Decreased appetite,1,4%,imipramine
Decreased sex drive (libido),1,4%,imipramine
Difficulty staying asleep,1,4%,imipramine
Difficulty waking up,1,4%,imipramine
Drowsiness,1,4%,imipramine
Dry eyes,1,4%,imipramine
Feeling of heart pounding,1,4%,imipramine
Generalized anxiety disorder,1,4%,imipramine
Grogginess,1,4%,imipramine
Increased anxiety,1,4%,imipramine
Light sensitivity (photophobia),1,4%,imipramine
Morning sleepiness,1,4%,imipramine
Myalgic encephalomyelitis/chronic fatigue syndrome,1,4%,imipramine
Shaky hands,1,4%,imipramine
Sleepiness,1,4%,imipramine
Social anxiety,1,4%,imipramine
Stuttering,1,4%,imipramine
Sudden onset of sleep,1,4%,imipramine
Sweaty body,1,4%,imipramine
Urinary hesitancy,1,4%,imipramine
Headaches,1,,clomethiazole
Drowsiness,7,16%,haloperidol decanoate
Tardive dyskinesia,6,14%,haloperidol decanoate
Tremor(s),4,9%,haloperidol decanoate
Restlessness (akathisia),3,7%,haloperidol decanoate
Jerky movements,2,5%,haloperidol decanoate
Agitation,1,2%,haloperidol decanoate
Agitation with restlessness,1,2%,haloperidol decanoate
Blurry vision,1,2%,haloperidol decanoate
Blurry vision in left eye,1,2%,haloperidol decanoate
Blurry vision in right eye,1,2%,haloperidol decanoate
Breast discharge,1,2%,haloperidol decanoate
Bulging eyes,1,2%,haloperidol decanoate
Cognitive impairment,1,2%,haloperidol decanoate
Confusion,1,2%,haloperidol decanoate
Depressed mood,1,2%,haloperidol decanoate
Dizziness,1,2%,haloperidol decanoate
Drowsy in morning,1,2%,haloperidol decanoate
Excessive daytime sleepiness (somnolence),1,2%,haloperidol decanoate
Full body restless syndrome,1,2%,haloperidol decanoate
Involuntary movement,1,2%,haloperidol decanoate
Muscle aches,1,2%,haloperidol decanoate
Muscle spasms,1,2%,haloperidol decanoate
Nausea,1,2%,haloperidol decanoate
Neck pain,1,2%,haloperidol decanoate
Pain,1,2%,haloperidol decanoate
Problems with focusing eyes,1,2%,haloperidol decanoate
Spinning dizziness (vertigo),1,2%,haloperidol decanoate
Stiffness/spasticity,1,2%,haloperidol decanoate
Suicide attempt,1,2%,haloperidol decanoate
Synesthesia,1,2%,haloperidol decanoate
Tightness in mouth,1,2%,haloperidol decanoate
Tiredness,1,2%,haloperidol decanoate
Weight gain,1,2%,haloperidol decanoate
Decreased sex drive (libido),5,10%,fluvoxamine
Diarrhea,5,10%,fluvoxamine
Drowsiness,5,10%,fluvoxamine
Generalized weakness (asthenia),5,10%,fluvoxamine
Excessive daytime sleepiness (somnolence),4,8%,fluvoxamine
Flushing,4,8%,fluvoxamine
Weight gain,4,8%,fluvoxamine
Brain fog,3,6%,fluvoxamine
Problems concentrating,3,6%,fluvoxamine
Anxious mood,2,4%,fluvoxamine
Decreased appetite,2,4%,fluvoxamine
Dry mouth,2,4%,fluvoxamine
Fatigue,2,4%,fluvoxamine
Heartburn,2,4%,fluvoxamine
Memory loss,2,4%,fluvoxamine
Night sweats,2,4%,fluvoxamine
Stomach pain,2,4%,fluvoxamine
Tiredness,2,4%,fluvoxamine
Abnormal dreams,1,2%,fluvoxamine
Can't slow brain down at night,1,2%,fluvoxamine
Chest pain,1,2%,fluvoxamine
Chronic constipation,1,2%,fluvoxamine
Constant hunger,1,2%,fluvoxamine
Constipation,1,2%,fluvoxamine
Cramps in legs,1,2%,fluvoxamine
Dehydration,1,2%,fluvoxamine
Difficulty staying asleep,1,2%,fluvoxamine
Difficulty with orgasm,1,2%,fluvoxamine
Dizziness,1,2%,fluvoxamine
Dry tongue,1,2%,fluvoxamine
Ejaculation delayed,1,2%,fluvoxamine
Ejaculation difficult,1,2%,fluvoxamine
False happiness,1,2%,fluvoxamine
Frequent urination,1,2%,fluvoxamine
Fuzzy thinking,1,2%,fluvoxamine
Headaches,1,2%,fluvoxamine
Inability to experience pleasure (anhedonia),1,2%,fluvoxamine
Insomnia,1,2%,fluvoxamine
Memory problems,1,2%,fluvoxamine
Metallic taste in mouth,1,2%,fluvoxamine
Muscle spasms,1,2%,fluvoxamine
Nightmares,1,2%,fluvoxamine
Ringing in ears (tinnitus),1,2%,fluvoxamine
Sexual dysfunction,1,2%,fluvoxamine
Sexual side effects,1,2%,fluvoxamine
Stress,1,2%,fluvoxamine
Unintentional weight loss,1,2%,fluvoxamine
Vertigo,1,2%,fluvoxamine
Weakness in left leg,1,2%,fluvoxamine
Weight loss,1,2%,fluvoxamine
Decreased sex drive (libido),135,20%,escitalopram
Weight gain,117,17%,escitalopram
Fatigue,57,8%,escitalopram
Apathy,43,6%,escitalopram
Dry mouth,39,6%,escitalopram
Nausea,38,6%,escitalopram
Brain fog,36,5%,escitalopram
Insomnia,36,5%,escitalopram
Anxious mood,32,5%,escitalopram
Sexual dysfunction,32,5%,escitalopram
Headaches,26,4%,escitalopram
Restlessness (akathisia),25,4%,escitalopram
Depressed mood,24,4%,escitalopram
Drowsiness,22,3%,escitalopram
Suicidal thoughts or urges,22,3%,escitalopram
Decreased appetite,14,2%,escitalopram
Difficulty with orgasm,14,2%,escitalopram
Sleepiness,14,2%,escitalopram
Diarrhea,13,2%,escitalopram
Insomnia,11,2%,escitalopram
Tiredness,11,2%,escitalopram
Dizziness,10,1%,escitalopram
Constipation,9,1%,escitalopram
Excessive daytime sleepiness (somnolence),8,1%,escitalopram
Sexual side effects,8,1%,escitalopram
Deadened emotions,7,1%,escitalopram
Night sweats,7,1%,escitalopram
Weight loss,7,1%,escitalopram
Excessive sweating,6,1%,escitalopram
Increased anxiety,6,1%,escitalopram
Increased appetite,6,1%,escitalopram
Lethargy,6,1%,escitalopram
Mood swings,6,1%,escitalopram
Panic attacks,6,1%,escitalopram
Stomach pain,6,1%,escitalopram
Vivid dreams,6,1%,escitalopram
Brain shocks,5,1%,escitalopram
Heart palpitations,5,1%,escitalopram
Irritability,5,1%,escitalopram
Memory problems,5,1%,escitalopram
Sexual impotence,5,1%,escitalopram
Shakiness,5,1%,escitalopram
Suicidal ideation,5,1%,escitalopram
Tachycardia (fast heart rate),5,1%,escitalopram
Abdominal bloating,4,1%,escitalopram
Constant tiredness,4,1%,escitalopram
Dry eyes,4,1%,escitalopram
Ejaculation delayed,4,1%,escitalopram
Hyperactivity,4,1%,escitalopram
Inability to experience pleasure (anhedonia),4,1%,escitalopram
Weight gain,343,13%,duloxetine
Nausea,302,12%,duloxetine
Decreased sex drive (libido),191,7%,duloxetine
Dry mouth,176,7%,duloxetine
Dizziness,168,7%,duloxetine
Brain fog,119,5%,duloxetine
Fatigue,108,4%,duloxetine
Sweating increased,102,4%,duloxetine
Constipation,101,4%,duloxetine
Insomnia,91,4%,duloxetine
Headaches,77,3%,duloxetine
Drowsiness,74,3%,duloxetine
Excessive sweating,69,3%,duloxetine
Excessive daytime sleepiness (somnolence),62,2%,duloxetine
Decreased appetite,55,2%,duloxetine
Sleepiness,51,2%,duloxetine
Migraine headaches,50,2%,duloxetine
Tiredness,46,2%,duloxetine
Brain shocks,45,2%,duloxetine
Sexual dysfunction,42,2%,duloxetine
Sedation,41,2%,duloxetine
Suicidal thoughts or urges,40,2%,duloxetine
Sweating,40,2%,duloxetine
Night sweats,38,1%,duloxetine
Anxious mood,37,1%,duloxetine
Mood swings,36,1%,duloxetine
Depressed mood,35,1%,duloxetine
Diarrhea,33,1%,duloxetine
Insomnia,33,1%,duloxetine
Difficulty with orgasm,31,1%,duloxetine
Stomach pain,29,1%,duloxetine
Mania,25,1%,duloxetine
Blurry vision,19,1%,duloxetine
Elevated blood pressure,19,1%,duloxetine
Nightmares,19,1%,duloxetine
Excessive dry mouth,18,1%,duloxetine
Heart palpitations,18,1%,duloxetine
Vertigo,18,1%,duloxetine
Hot flashes,17,1%,duloxetine
Shakiness,17,1%,duloxetine
Withdrawal effects,17,1%,duloxetine
Difficulty staying asleep,15,1%,duloxetine
Dry eyes,15,1%,duloxetine
Restless feeling in legs,15,1%,duloxetine
Vivid dreams,15,1%,duloxetine
Excessive yawning,14,1%,duloxetine
Lightheadedness,14,1%,duloxetine
Vomiting,14,1%,duloxetine
Jittery feeling,13,1%,duloxetine
Memory problems,13,1%,duloxetine
Drowsiness,34,27%,diphenhydramine
Sleepiness,20,16%,diphenhydramine
Dry mouth,13,10%,diphenhydramine
Excessive daytime sleepiness (somnolence),8,6%,diphenhydramine
Grogginess in morning,7,6%,diphenhydramine
Brain fog,5,4%,diphenhydramine
Drowsy in morning,4,3%,diphenhydramine
Constipation,3,2%,diphenhydramine
Fatigue,3,2%,diphenhydramine
Headaches,3,2%,diphenhydramine
Restless legs syndrome,3,2%,diphenhydramine
Dryness,2,2%,diphenhydramine
Grogginess,2,2%,diphenhydramine
Hyperactivity,2,2%,diphenhydramine
Increased need for sleep,2,2%,diphenhydramine
Insomnia,2,2%,diphenhydramine
Morning sleepiness,2,2%,diphenhydramine
Restless feeling in legs,2,2%,diphenhydramine
Sedation,2,2%,diphenhydramine
Vivid nightmares,2,2%,diphenhydramine
Acute renal failure,1,1%,diphenhydramine
Aggressive behavior,1,1%,diphenhydramine
Agitation with irritability,1,1%,diphenhydramine
Ataxia (lack of coordination),1,1%,diphenhydramine
Bruising of legs,1,1%,diphenhydramine
Chronic constipation,1,1%,diphenhydramine
Chronic dehydration,1,1%,diphenhydramine
Depressed mood,1,1%,diphenhydramine
Difficulty staying asleep,1,1%,diphenhydramine
Difficulty waking up,1,1%,diphenhydramine
Disorientation,1,1%,diphenhydramine
Dizziness,1,1%,diphenhydramine
Dry eyes,1,1%,diphenhydramine
Dry skin,1,1%,diphenhydramine
Excessive thirst (polydipsia),1,1%,diphenhydramine
Increased appetite,1,1%,diphenhydramine
Injection site scar,1,1%,diphenhydramine
Irritability,1,1%,diphenhydramine
Itching,1,1%,diphenhydramine
Loss of energy,1,1%,diphenhydramine
Migraine headaches,1,1%,diphenhydramine
Muscle spasms in hands,1,1%,diphenhydramine
Nocturnal urinary incontinence,1,1%,diphenhydramine
Oversleeping (too much sleep),1,1%,diphenhydramine
Problems concentrating,1,1%,diphenhydramine
Racing thoughts,1,1%,diphenhydramine
Restless legs at night,1,1%,diphenhydramine
Shaky hands,1,1%,diphenhydramine
Shortness of breath with exertion,1,1%,diphenhydramine
Sluggishness,1,1%,diphenhydramine
Dry mouth,13,38%,clomipramine
Weight gain,6,18%,clomipramine
Constipation,3,9%,clomipramine
Decreased sex drive (libido),3,9%,clomipramine
Sexual dysfunction,3,9%,clomipramine
Confusion,2,6%,clomipramine
Decreased appetite,2,6%,clomipramine
Excessive daytime sleepiness (somnolence),2,6%,clomipramine
Excessive thirst (polydipsia),2,6%,clomipramine
Fatigue,2,6%,clomipramine
Anxious mood,1,3%,clomipramine
Apathy,1,3%,clomipramine
Blurry vision,1,3%,clomipramine
Chronic constipation,1,3%,clomipramine
Constant hunger,1,3%,clomipramine
Depressed mood,1,3%,clomipramine
Difficulty urinating (dysuria),1,3%,clomipramine
Drowsiness,1,3%,clomipramine
Dry eyes,1,3%,clomipramine
Electric shock sensation in feet,1,3%,clomipramine
Electric shock sensation in teeth,1,3%,clomipramine
Electric shock sensation whole body,1,3%,clomipramine
Esophageal spasms,1,3%,clomipramine
Excessive sleeping (hypersomnia),1,3%,clomipramine
Excessive sweating,1,3%,clomipramine
Exhaustion,1,3%,clomipramine
Feeling of disconnection,1,3%,clomipramine
Feelings of deep sadness,1,3%,clomipramine
Feelings of uselessness,1,3%,clomipramine
Glaucoma,1,3%,clomipramine
Headaches,1,3%,clomipramine
Heartache,1,3%,clomipramine
Hunger,1,3%,clomipramine
Increased anxiety,1,3%,clomipramine
Indigestion,1,3%,clomipramine
Insomnia,1,3%,clomipramine
Nausea,1,3%,clomipramine
Nightmares,1,3%,clomipramine
None,1,3%,clomipramine
Numbness and tingling with pins and needles,1,3%,clomipramine
Postural orthostatic tachycardia syndrome,1,3%,clomipramine
Ringing in ears (tinnitus),1,3%,clomipramine
Shakiness,1,3%,clomipramine
Shortness of breath (dyspnea),1,3%,clomipramine
Sleepiness,1,3%,clomipramine
Stomach pain,1,3%,clomipramine
Tachycardia (fast heart rate),1,3%,clomipramine
Teeth grinding (bruxism),1,3%,clomipramine
Tiredness,1,3%,clomipramine
Tremor(s),1,3%,clomipramine
Decreased sex drive (libido),73,10%,citalopram
Fatigue,58,8%,citalopram
Weight gain,56,8%,citalopram
Nausea,52,7%,citalopram
Dry mouth,37,5%,citalopram
Dizziness,35,5%,citalopram
Anxious mood,33,5%,citalopram
Brain fog,26,4%,citalopram
Drowsiness,26,4%,citalopram
Headaches,25,4%,citalopram
Sleepiness,23,3%,citalopram
Sexual dysfunction,21,3%,citalopram
Excessive daytime sleepiness (somnolence),20,3%,citalopram
Difficulty with orgasm,19,3%,citalopram
Decreased appetite,17,2%,citalopram
Tiredness,17,2%,citalopram
Depressed mood,15,2%,citalopram
Diarrhea,13,2%,citalopram
Insomnia,11,2%,citalopram
Memory lapses (brain blinks),11,2%,citalopram
Jaw clenching,10,1%,citalopram
Problems concentrating,10,1%,citalopram
Stomach pain,10,1%,citalopram
Constipation,9,1%,citalopram
Memory problems,8,1%,citalopram
Mood swings,8,1%,citalopram
Sweating increased,8,1%,citalopram
Vivid dreams,8,1%,citalopram
Short term memory problems,7,1%,citalopram
Suicidal thoughts or urges,7,1%,citalopram
Worsening depression,7,1%,citalopram
Apathy,6,1%,citalopram
Excessive yawning,6,1%,citalopram
Insomnia,6,1%,citalopram
Irritability,6,1%,citalopram
Lack of motivation,6,1%,citalopram
Loss of energy,6,1%,citalopram
Mania,6,1%,citalopram
Shakiness,6,1%,citalopram
Excessive sweating,5,1%,citalopram
Hyperactivity,5,1%,citalopram
Muscle spasms,5,1%,citalopram
Restless feeling in legs,5,1%,citalopram
Tremor(s),5,1%,citalopram
Anxiety attacks,4,1%,citalopram
Deadened emotions,4,1%,citalopram
Difficulty staying asleep,4,1%,citalopram
Heart palpitations,4,1%,citalopram
Increased anxiety,4,1%,citalopram
Lethargy,4,1%,citalopram
NAN,NAN,NAN,cloral betaine
Bad taste in mouth,2,67%,chloral hydrate
Dizziness,1,33%,chloral hydrate
Drowsiness,1,33%,chloral hydrate
Lightheadedness,1,33%,chloral hydrate
Nausea,1,33%,chloral hydrate
Shallow breathing,1,33%,chloral hydrate
Dizziness,26,17%,buspirone
Headaches,15,10%,buspirone
Brain fog,9,6%,buspirone
Dry mouth,9,6%,buspirone
Anxious mood,8,5%,buspirone
Restlessness (akathisia),8,5%,buspirone
Drowsiness,7,5%,buspirone
Fatigue,6,4%,buspirone
Increased anxiety,6,4%,buspirone
Nausea,6,4%,buspirone
Brain shocks,5,3%,buspirone
Sleepiness,5,3%,buspirone
Excessive daytime sleepiness (somnolence),3,2%,buspirone
Tiredness,3,2%,buspirone
Blurry vision,2,1%,buspirone
Difficulty thinking,2,1%,buspirone
Dizziness with disorientation,2,1%,buspirone
Dizziness with hypotension upon standing,2,1%,buspirone
Heart palpitations,2,1%,buspirone
Insomnia,2,1%,buspirone
Insomnia,2,1%,buspirone
Jerky movements,2,1%,buspirone
Lightheadedness,2,1%,buspirone
Loopy feeling,2,1%,buspirone
Ringing in ears (tinnitus),2,1%,buspirone
Slow movement (bradykinesia),2,1%,buspirone
Tremor(s),2,1%,buspirone
Vertigo,2,1%,buspirone
Vivid dreams,2,1%,buspirone
Weight gain,2,1%,buspirone
Worsening depression,2,1%,buspirone
Abdominal pain,1,1%,buspirone
Aggressive behavior,1,1%,buspirone
Agitation,1,1%,buspirone
Anticipatory anxiety,1,1%,buspirone
Apathy,1,1%,buspirone
Binge eating episodes,1,1%,buspirone
Chronic fatigue,1,1%,buspirone
Confusion,1,1%,buspirone
Constant tiredness,1,1%,buspirone
Constipation,1,1%,buspirone
Decreased appetite,1,1%,buspirone
Decreased sex drive (libido),1,1%,buspirone
Difficulty falling asleep,1,1%,buspirone
Difficulty staying asleep,1,1%,buspirone
Difficulty urinating (dysuria),1,1%,buspirone
Difficulty with orgasm,1,1%,buspirone
Disorientation,1,1%,buspirone
Dizzy spells,1,1%,buspirone
Double vision (diplopia),1,1%,buspirone
NAN*,NAN*,NAN*,benperidol
Weight gain,153,22%,aripiprazole
Restlessness (akathisia),86,12%,aripiprazole
Insomnia,42,6%,aripiprazole
Anxious mood,40,6%,aripiprazole
Agitation,36,5%,aripiprazole
Drowsiness,35,5%,aripiprazole
Restless feeling in legs,26,4%,aripiprazole
Nausea,22,3%,aripiprazole
Fatigue,21,3%,aripiprazole
Blurry vision,20,3%,aripiprazole
Excessive daytime sleepiness (somnolence),19,3%,aripiprazole
Tremor(s),19,3%,aripiprazole
Vivid dreams,19,3%,aripiprazole
Dry mouth,16,2%,aripiprazole
Tremor in hands,16,2%,aripiprazole
Sleepiness,14,2%,aripiprazole
Tiredness,14,2%,aripiprazole
Elevated blood sugar (hyperglycemia),13,2%,aripiprazole
Headaches,13,2%,aripiprazole
Increased appetite,13,2%,aripiprazole
Increased anxiety,12,2%,aripiprazole
Insomnia,11,2%,aripiprazole
Suicidal thoughts or urges,11,2%,aripiprazole
Brain fog,9,1%,aripiprazole
Dizziness,9,1%,aripiprazole
Shakiness,9,1%,aripiprazole
Tardive dyskinesia,9,1%,aripiprazole
Difficulty staying asleep,8,1%,aripiprazole
Jerky movements,8,1%,aripiprazole
Restless legs syndrome,8,1%,aripiprazole
Constipation,7,1%,aripiprazole
Depressed mood,7,1%,aripiprazole
Irritability,7,1%,aripiprazole
Muscle twitching (fasciculations),7,1%,aripiprazole
Nightmares,7,1%,aripiprazole
Muscle spasms,6,1%,aripiprazole
Vomiting,6,1%,aripiprazole
Diarrhea,5,1%,aripiprazole
Hyperactivity,5,1%,aripiprazole
Nervousness,5,1%,aripiprazole
Dry mouth,186,20%,amitriptyline
Weight gain,129,14%,amitriptyline
Drowsiness,97,10%,amitriptyline
Sleepiness,64,7%,amitriptyline
Excessive daytime sleepiness (somnolence),52,6%,amitriptyline
Grogginess,51,6%,amitriptyline
Fatigue,42,5%,amitriptyline
Dizziness,26,3%,amitriptyline
Constipation,25,3%,amitriptyline
Nausea,22,2%,amitriptyline
Tiredness,22,2%,amitriptyline
Headaches,21,2%,amitriptyline
Excessive dry mouth,20,2%,amitriptyline
Brain fog,17,2%,amitriptyline
Drowsy in morning,14,2%,amitriptyline
Decreased sex drive (libido),13,1%,amitriptyline
Blurry vision,12,1%,amitriptyline
Grogginess in morning,12,1%,amitriptyline
Balance problems,10,1%,amitriptyline
Difficulty waking up,10,1%,amitriptyline
Dry eyes,10,1%,amitriptyline
Mood swings,10,1%,amitriptyline
Depressed mood,9,1%,amitriptyline
Dry mouth at night,9,1%,amitriptyline
Heart palpitations,9,1%,amitriptyline
Shakiness,9,1%,amitriptyline
Drugged feeling,8,1%,amitriptyline
Tachycardia (fast heart rate),8,1%,amitriptyline
Bad taste in mouth,7,1%,amitriptyline
Lethargy,7,1%,amitriptyline
Migraine headaches,7,1%,amitriptyline
Morning sleepiness,7,1%,amitriptyline
Difficulty urinating (dysuria),6,1%,amitriptyline
Lightheadedness,6,1%,amitriptyline
Memory problems,6,1%,amitriptyline
Nightmares,6,1%,amitriptyline
Sweet cravings,6,1%,amitriptyline
Vivid dreams,6,1%,amitriptyline
Chronic constipation,5,1%,amitriptyline
Excessive sweating,5,1%,amitriptyline
Forgetfulness,5,1%,amitriptyline
Insomnia,5,1%,amitriptyline
Loopy feeling,5,1%,amitriptyline
Sedation,5,1%,amitriptyline
Suicidal thoughts or urges,5,1%,amitriptyline
Unrefreshing or poor sleep,5,1%,amitriptyline
Vivid nightmares,5,1%,amitriptyline
Anxious mood,4,0%,amitriptyline
Constant tiredness,4,0%,amitriptyline
Dryness,4,0%,amitriptyline
Weight gain,153,22%,aripiprazole
Restlessness (akathisia),86,12%,aripiprazole
Insomnia,42,6%,aripiprazole
Anxious mood,40,6%,aripiprazole
Agitation,36,5%,aripiprazole
Drowsiness,35,5%,aripiprazole
Restless feeling in legs,26,4%,aripiprazole
Nausea,22,3%,aripiprazole
Fatigue,21,3%,aripiprazole
Blurry vision,20,3%,aripiprazole
Excessive daytime sleepiness (somnolence),19,3%,aripiprazole
Tremor(s),19,3%,aripiprazole
Vivid dreams,19,3%,aripiprazole
Dry mouth,16,2%,aripiprazole
Tremor in hands,16,2%,aripiprazole
Sleepiness,14,2%,aripiprazole
Tiredness,14,2%,aripiprazole
Elevated blood sugar (hyperglycemia),13,2%,aripiprazole
Headaches,13,2%,aripiprazole
Increased appetite,13,2%,aripiprazole
Increased anxiety,12,2%,aripiprazole
Insomnia,11,2%,aripiprazole
Suicidal thoughts or urges,11,2%,aripiprazole
Brain fog,9,1%,aripiprazole
Dizziness,9,1%,aripiprazole
Shakiness,9,1%,aripiprazole
Tardive dyskinesia,9,1%,aripiprazole
Difficulty staying asleep,8,1%,aripiprazole
Jerky movements,8,1%,aripiprazole
Restless legs syndrome,8,1%,aripiprazole
Constipation,7,1%,aripiprazole
Depressed mood,7,1%,aripiprazole
Irritability,7,1%,aripiprazole
Muscle twitching (fasciculations),7,1%,aripiprazole
Nightmares,7,1%,aripiprazole
Muscle spasms,6,1%,aripiprazole
Vomiting,6,1%,aripiprazole
Diarrhea,5,1%,aripiprazole
Hyperactivity,5,1%,aripiprazole
Nervousness,5,1%,aripiprazole
Anger,4,1%,aripiprazole
Compulsive shopping or spending,4,1%,aripiprazole
Decreased sex drive (libido),4,1%,aripiprazole
Dissociation,4,1%,aripiprazole
Facial tics,4,1%,aripiprazole
Jittery feeling,4,1%,aripiprazole
Lack of motivation,4,1%,aripiprazole
Mania,4,1%,aripiprazole
Migraine headaches,4,1%,aripiprazole
Panic attacks,4,1%,aripiprazole
